--GEN_SCHEME
INSERT INTO GEN_SCHEME (ID,NAME,CATEGORY,PACKAGE_NAME,MODULE_NAME,SUB_MODULE_NAME,FUNCTION_NAME,FUNCTION_NAME_SIMPLE,FUNCTION_AUTHOR,GEN_TABLE_ID,CREATE_BY,CREATE_DATE,UPDATE_BY,UPDATE_DATE,REMARKS,DEL_FLAG) values ('1b9e1fd2348947b697fc83cb16f4dbcd','eam_system_module','curd','com.dc.smarteam.modules','sysmdl',null,'系统模块管理','模块','yangqjb','216989de662040808cfaf8bb06a51213','1',to_timestamp('22-12月-15 04.24.36.926000000 下午','DD-MON-RR HH.MI.SSXFF AM'),'1',to_timestamp('23-12月-15 03.05.09.796000000 下午','DD-MON-RR HH.MI.SSXFF AM'),null,'0');
INSERT INTO GEN_SCHEME (ID,NAME,CATEGORY,PACKAGE_NAME,MODULE_NAME,SUB_MODULE_NAME,FUNCTION_NAME,FUNCTION_NAME_SIMPLE,FUNCTION_AUTHOR,GEN_TABLE_ID,CREATE_BY,CREATE_DATE,UPDATE_BY,UPDATE_DATE,REMARKS,DEL_FLAG) values ('13e4f35d72c34c799cc5812ec248ef4b','eam_aa_layer','curd','com.dc.smarteam.modules','syslyr',null,'系统架构层次管理','架构层次','yangqjb','f866353299234efeb13b87d64b36eb07','1',to_timestamp('24-12月-15 01.59.11.794000000 下午','DD-MON-RR HH.MI.SSXFF AM'),'1',to_timestamp('24-12月-15 01.59.11.794000000 下午','DD-MON-RR HH.MI.SSXFF AM'),null,'0');
INSERT INTO GEN_SCHEME (ID,NAME,CATEGORY,PACKAGE_NAME,MODULE_NAME,SUB_MODULE_NAME,FUNCTION_NAME,FUNCTION_NAME_SIMPLE,FUNCTION_AUTHOR,GEN_TABLE_ID,CREATE_BY,CREATE_DATE,UPDATE_BY,UPDATE_DATE,REMARKS,DEL_FLAG) values ('a1ba775d257e455080bb313d487afa5a','eam_aa_strategy','curd','com.dc.smarteam.modules','sysstr',null,'应用系统决策管理','系统决策','yangqjb','683769164d36437a808b5ac6869c38bd','1',to_timestamp('24-12月-15 02.01.12.871000000 下午','DD-MON-RR HH.MI.SSXFF AM'),'1',to_timestamp('24-12月-15 02.01.12.871000000 下午','DD-MON-RR HH.MI.SSXFF AM'),null,'0');
INSERT INTO GEN_SCHEME (ID,NAME,CATEGORY,PACKAGE_NAME,MODULE_NAME,SUB_MODULE_NAME,FUNCTION_NAME,FUNCTION_NAME_SIMPLE,FUNCTION_AUTHOR,GEN_TABLE_ID,CREATE_BY,CREATE_DATE,UPDATE_BY,UPDATE_DATE,REMARKS,DEL_FLAG) values ('989d1aac62764bcabf8d455d7cc284c7','eam_system','curd','com.dc.smarteam.modules','sysmng',null,'应用系统管理','系统','yangqjb','f866353299234efeb13b87d64b36eb07','1',to_timestamp('24-12月-15 02.02.35.479000000 下午','DD-MON-RR HH.MI.SSXFF AM'),'1',to_timestamp('24-12月-15 02.02.35.479000000 下午','DD-MON-RR HH.MI.SSXFF AM'),null,'0');
INSERT INTO GEN_SCHEME (ID,NAME,CATEGORY,PACKAGE_NAME,MODULE_NAME,SUB_MODULE_NAME,FUNCTION_NAME,FUNCTION_NAME_SIMPLE,FUNCTION_AUTHOR,GEN_TABLE_ID,CREATE_BY,CREATE_DATE,UPDATE_BY,UPDATE_DATE,REMARKS,DEL_FLAG) values ('2c67bbb0f4db47a2b2d43967d661d1b7','eam_sysgroup','curd','com.dc.smarteam.modules','syssgrp',null,'应用系统群组管理','系统群组','yangqjb','078fe4b7f4f54ab2974d938d605a88d8','1',to_timestamp('21-12月-15 09.30.37.826000000 下午','DD-MON-RR HH.MI.SSXFF AM'),'1',to_timestamp('24-12月-15 01.57.09.666000000 下午','DD-MON-RR HH.MI.SSXFF AM'),null,'0');


--GEN_TABLE
INSERT INTO GEN_TABLE (ID,NAME,COMMENTS,CLASS_NAME,PARENT_TABLE,PARENT_TABLE_FK,CREATE_BY,CREATE_DATE,UPDATE_BY,UPDATE_DATE,REMARKS,DEL_FLAG) values ('216989de662040808cfaf8bb06a51213','eam_system_module','系统模块管理','EamSystemModule',null,null,'1',to_timestamp('22-12月-15 04.22.55.429000000 下午','DD-MON-RR HH.MI.SSXFF AM'),'1',to_timestamp('23-12月-15 03.03.07.049000000 下午','DD-MON-RR HH.MI.SSXFF AM'),null,'0');
INSERT INTO GEN_TABLE (ID,NAME,COMMENTS,CLASS_NAME,PARENT_TABLE,PARENT_TABLE_FK,CREATE_BY,CREATE_DATE,UPDATE_BY,UPDATE_DATE,REMARKS,DEL_FLAG) values ('116864a2256e4344b66a3cdf7c052c30','eam_system','系统管理','EamSystem',null,null,'1',to_timestamp('24-12月-15 01.34.17.323000000 下午','DD-MON-RR HH.MI.SSXFF AM'),'1',to_timestamp('24-12月-15 01.34.17.323000000 下午','DD-MON-RR HH.MI.SSXFF AM'),null,'0');
INSERT INTO GEN_TABLE (ID,NAME,COMMENTS,CLASS_NAME,PARENT_TABLE,PARENT_TABLE_FK,CREATE_BY,CREATE_DATE,UPDATE_BY,UPDATE_DATE,REMARKS,DEL_FLAG) values ('f866353299234efeb13b87d64b36eb07','eam_aa_layer','架构层次管理','EamAaLayer',null,null,'1',to_timestamp('24-12月-15 01.53.26.889000000 下午','DD-MON-RR HH.MI.SSXFF AM'),'1',to_timestamp('24-12月-15 01.53.26.889000000 下午','DD-MON-RR HH.MI.SSXFF AM'),null,'0');
INSERT INTO GEN_TABLE (ID,NAME,COMMENTS,CLASS_NAME,PARENT_TABLE,PARENT_TABLE_FK,CREATE_BY,CREATE_DATE,UPDATE_BY,UPDATE_DATE,REMARKS,DEL_FLAG) values ('683769164d36437a808b5ac6869c38bd','eam_aa_strategy','应用系统决策管理','EamAaStrategy',null,null,'1',to_timestamp('24-12月-15 01.54.23.686000000 下午','DD-MON-RR HH.MI.SSXFF AM'),'1',to_timestamp('24-12月-15 01.54.23.686000000 下午','DD-MON-RR HH.MI.SSXFF AM'),null,'0');
INSERT INTO GEN_TABLE (ID,NAME,COMMENTS,CLASS_NAME,PARENT_TABLE,PARENT_TABLE_FK,CREATE_BY,CREATE_DATE,UPDATE_BY,UPDATE_DATE,REMARKS,DEL_FLAG) values ('078fe4b7f4f54ab2974d938d605a88d8','eam_sysgroup','应用系统群组管理','EamSysgroup',null,null,'1',to_timestamp('24-12月-15 01.54.51.877000000 下午','DD-MON-RR HH.MI.SSXFF AM'),'1',to_timestamp('24-12月-15 01.54.51.877000000 下午','DD-MON-RR HH.MI.SSXFF AM'),null,'0');


--GEN_TABLE_COLUMN
INSERT INTO GEN_TABLE_COLUMN (ID,GEN_TABLE_ID,NAME,COMMENTS,JDBC_TYPE,JAVA_TYPE,JAVA_FIELD,IS_PK,IS_NULL,IS_INSERT,IS_EDIT,IS_LIST,IS_QUERY,QUERY_TYPE,SHOW_TYPE,DICT_TYPE,SETTINGS,SORT,CREATE_BY,CREATE_DATE,UPDATE_BY,UPDATE_DATE,REMARKS,DEL_FLAG) values ('a9416690819f46ba8766b02b3e697274','078fe4b7f4f54ab2974d938d605a88d8','name','群组名称','varchar2(250)','String','name','0','1','1','1','1','1','like','input',null,null,20,'1',to_timestamp('24-12月-15 01.54.51.881000000 下午','DD-MON-RR HH.MI.SSXFF AM'),'1',to_timestamp('24-12月-15 01.54.51.881000000 下午','DD-MON-RR HH.MI.SSXFF AM'),null,'0');
INSERT INTO GEN_TABLE_COLUMN (ID,GEN_TABLE_ID,NAME,COMMENTS,JDBC_TYPE,JAVA_TYPE,JAVA_FIELD,IS_PK,IS_NULL,IS_INSERT,IS_EDIT,IS_LIST,IS_QUERY,QUERY_TYPE,SHOW_TYPE,DICT_TYPE,SETTINGS,SORT,CREATE_BY,CREATE_DATE,UPDATE_BY,UPDATE_DATE,REMARKS,DEL_FLAG) values ('60e768fa4d7b4533b23d3b7467f0a928','078fe4b7f4f54ab2974d938d605a88d8','chinese_name','群组简称','varchar2(250)','String','chineseName','0','1','1','1','1','1','like','input',null,null,30,'1',to_timestamp('24-12月-15 01.54.51.882000000 下午','DD-MON-RR HH.MI.SSXFF AM'),'1',to_timestamp('24-12月-15 01.54.51.882000000 下午','DD-MON-RR HH.MI.SSXFF AM'),null,'0');
INSERT INTO GEN_TABLE_COLUMN (ID,GEN_TABLE_ID,NAME,COMMENTS,JDBC_TYPE,JAVA_TYPE,JAVA_FIELD,IS_PK,IS_NULL,IS_INSERT,IS_EDIT,IS_LIST,IS_QUERY,QUERY_TYPE,SHOW_TYPE,DICT_TYPE,SETTINGS,SORT,CREATE_BY,CREATE_DATE,UPDATE_BY,UPDATE_DATE,REMARKS,DEL_FLAG) values ('e3a481ee96f4420582b8401282d1bd7c','078fe4b7f4f54ab2974d938d605a88d8','create_by','创建者','varchar2(64)','com.dc.smarteam.modules.sys.entity.User','createBy.id','0','0','1','0','0','0','=','input',null,null,40,'1',to_timestamp('24-12月-15 01.54.51.885000000 下午','DD-MON-RR HH.MI.SSXFF AM'),'1',to_timestamp('24-12月-15 01.54.51.885000000 下午','DD-MON-RR HH.MI.SSXFF AM'),null,'0');
INSERT INTO GEN_TABLE_COLUMN (ID,GEN_TABLE_ID,NAME,COMMENTS,JDBC_TYPE,JAVA_TYPE,JAVA_FIELD,IS_PK,IS_NULL,IS_INSERT,IS_EDIT,IS_LIST,IS_QUERY,QUERY_TYPE,SHOW_TYPE,DICT_TYPE,SETTINGS,SORT,CREATE_BY,CREATE_DATE,UPDATE_BY,UPDATE_DATE,REMARKS,DEL_FLAG) values ('30d0a4e1692a4335980b53b1a8314352','078fe4b7f4f54ab2974d938d605a88d8','create_date','创建时间','timestamp(6)','java.util.Date','createDate','0','0','1','0','0','0','=','dateselect',null,null,50,'1',to_timestamp('24-12月-15 01.54.51.888000000 下午','DD-MON-RR HH.MI.SSXFF AM'),'1',to_timestamp('24-12月-15 01.54.51.888000000 下午','DD-MON-RR HH.MI.SSXFF AM'),null,'0');
INSERT INTO GEN_TABLE_COLUMN (ID,GEN_TABLE_ID,NAME,COMMENTS,JDBC_TYPE,JAVA_TYPE,JAVA_FIELD,IS_PK,IS_NULL,IS_INSERT,IS_EDIT,IS_LIST,IS_QUERY,QUERY_TYPE,SHOW_TYPE,DICT_TYPE,SETTINGS,SORT,CREATE_BY,CREATE_DATE,UPDATE_BY,UPDATE_DATE,REMARKS,DEL_FLAG) values ('131b8d48ca3f457b9f7dc6418071cc09','078fe4b7f4f54ab2974d938d605a88d8','update_by','更新者','varchar2(64)','com.dc.smarteam.modules.sys.entity.User','updateBy.id','0','0','1','1','0','0','=','input',null,null,60,'1',to_timestamp('24-12月-15 01.54.51.890000000 下午','DD-MON-RR HH.MI.SSXFF AM'),'1',to_timestamp('24-12月-15 01.54.51.890000000 下午','DD-MON-RR HH.MI.SSXFF AM'),null,'0');
INSERT INTO GEN_TABLE_COLUMN (ID,GEN_TABLE_ID,NAME,COMMENTS,JDBC_TYPE,JAVA_TYPE,JAVA_FIELD,IS_PK,IS_NULL,IS_INSERT,IS_EDIT,IS_LIST,IS_QUERY,QUERY_TYPE,SHOW_TYPE,DICT_TYPE,SETTINGS,SORT,CREATE_BY,CREATE_DATE,UPDATE_BY,UPDATE_DATE,REMARKS,DEL_FLAG) values ('2dc02583113c453e8eee375df108d6a9','078fe4b7f4f54ab2974d938d605a88d8','update_date','更新时间','timestamp(6)','java.util.Date','updateDate','0','0','1','1','1','0','=','dateselect',null,null,70,'1',to_timestamp('24-12月-15 01.54.51.892000000 下午','DD-MON-RR HH.MI.SSXFF AM'),'1',to_timestamp('24-12月-15 01.54.51.892000000 下午','DD-MON-RR HH.MI.SSXFF AM'),null,'0');
INSERT INTO GEN_TABLE_COLUMN (ID,GEN_TABLE_ID,NAME,COMMENTS,JDBC_TYPE,JAVA_TYPE,JAVA_FIELD,IS_PK,IS_NULL,IS_INSERT,IS_EDIT,IS_LIST,IS_QUERY,QUERY_TYPE,SHOW_TYPE,DICT_TYPE,SETTINGS,SORT,CREATE_BY,CREATE_DATE,UPDATE_BY,UPDATE_DATE,REMARKS,DEL_FLAG) values ('dff93c119f5e4043b3fd721e5d1fb067','078fe4b7f4f54ab2974d938d605a88d8','remarks','备注信息','nvarchar2(375)','String','remarks','0','1','1','1','1','0','=','textarea',null,null,80,'1',to_timestamp('24-12月-15 01.54.51.894000000 下午','DD-MON-RR HH.MI.SSXFF AM'),'1',to_timestamp('24-12月-15 01.54.51.894000000 下午','DD-MON-RR HH.MI.SSXFF AM'),null,'0');
INSERT INTO GEN_TABLE_COLUMN (ID,GEN_TABLE_ID,NAME,COMMENTS,JDBC_TYPE,JAVA_TYPE,JAVA_FIELD,IS_PK,IS_NULL,IS_INSERT,IS_EDIT,IS_LIST,IS_QUERY,QUERY_TYPE,SHOW_TYPE,DICT_TYPE,SETTINGS,SORT,CREATE_BY,CREATE_DATE,UPDATE_BY,UPDATE_DATE,REMARKS,DEL_FLAG) values ('8459eed10dce4291992b91cb2faf5be0','078fe4b7f4f54ab2974d938d605a88d8','del_flag','删除标记（0：正常；1：删除）','char(1)','String','delFlag','0','0','1','0','0','0','=','radiobox','del_flag',null,90,'1',to_timestamp('24-12月-15 01.54.51.895000000 下午','DD-MON-RR HH.MI.SSXFF AM'),'1',to_timestamp('24-12月-15 01.54.51.895000000 下午','DD-MON-RR HH.MI.SSXFF AM'),null,'0');
INSERT INTO GEN_TABLE_COLUMN (ID,GEN_TABLE_ID,NAME,COMMENTS,JDBC_TYPE,JAVA_TYPE,JAVA_FIELD,IS_PK,IS_NULL,IS_INSERT,IS_EDIT,IS_LIST,IS_QUERY,QUERY_TYPE,SHOW_TYPE,DICT_TYPE,SETTINGS,SORT,CREATE_BY,CREATE_DATE,UPDATE_BY,UPDATE_DATE,REMARKS,DEL_FLAG) values ('0a650afe371543de88e5cdb97d4e7a40','078fe4b7f4f54ab2974d938d605a88d8','id','UUID','varchar2(40)','String','id','1','0','1','0','0','0','=','input',null,null,10,'1',to_timestamp('24-12月-15 01.54.51.879000000 下午','DD-MON-RR HH.MI.SSXFF AM'),'1',to_timestamp('24-12月-15 01.54.51.879000000 下午','DD-MON-RR HH.MI.SSXFF AM'),null,'0');
INSERT INTO GEN_TABLE_COLUMN (ID,GEN_TABLE_ID,NAME,COMMENTS,JDBC_TYPE,JAVA_TYPE,JAVA_FIELD,IS_PK,IS_NULL,IS_INSERT,IS_EDIT,IS_LIST,IS_QUERY,QUERY_TYPE,SHOW_TYPE,DICT_TYPE,SETTINGS,SORT,CREATE_BY,CREATE_DATE,UPDATE_BY,UPDATE_DATE,REMARKS,DEL_FLAG) values ('9a5d6a7b36b544b39c99958dcb5d6e0a','116864a2256e4344b66a3cdf7c052c30','create_date','创建时间','timestamp(6)','java.util.Date','createDate','0','0','1','0','0','0','=','dateselect',null,null,120,'1',to_timestamp('24-12月-15 01.34.17.347000000 下午','DD-MON-RR HH.MI.SSXFF AM'),'1',to_timestamp('24-12月-15 01.34.17.347000000 下午','DD-MON-RR HH.MI.SSXFF AM'),null,'0');
INSERT INTO GEN_TABLE_COLUMN (ID,GEN_TABLE_ID,NAME,COMMENTS,JDBC_TYPE,JAVA_TYPE,JAVA_FIELD,IS_PK,IS_NULL,IS_INSERT,IS_EDIT,IS_LIST,IS_QUERY,QUERY_TYPE,SHOW_TYPE,DICT_TYPE,SETTINGS,SORT,CREATE_BY,CREATE_DATE,UPDATE_BY,UPDATE_DATE,REMARKS,DEL_FLAG) values ('3677037967384b2b9757682faae4b733','116864a2256e4344b66a3cdf7c052c30','update_by','更新者','varchar2(64)','com.dc.smarteam.modules.sys.entity.User','updateBy.id','0','0','1','1','0','0','=','input',null,null,130,'1',to_timestamp('24-12月-15 01.34.17.349000000 下午','DD-MON-RR HH.MI.SSXFF AM'),'1',to_timestamp('24-12月-15 01.34.17.349000000 下午','DD-MON-RR HH.MI.SSXFF AM'),null,'0');
INSERT INTO GEN_TABLE_COLUMN (ID,GEN_TABLE_ID,NAME,COMMENTS,JDBC_TYPE,JAVA_TYPE,JAVA_FIELD,IS_PK,IS_NULL,IS_INSERT,IS_EDIT,IS_LIST,IS_QUERY,QUERY_TYPE,SHOW_TYPE,DICT_TYPE,SETTINGS,SORT,CREATE_BY,CREATE_DATE,UPDATE_BY,UPDATE_DATE,REMARKS,DEL_FLAG) values ('be47b5c7f2244b7e9cee5681a14e2f1f','116864a2256e4344b66a3cdf7c052c30','update_date','更新时间','timestamp(6)','java.util.Date','updateDate','0','0','1','1','1','0','=','dateselect',null,null,140,'1',to_timestamp('24-12月-15 01.34.17.351000000 下午','DD-MON-RR HH.MI.SSXFF AM'),'1',to_timestamp('24-12月-15 01.34.17.351000000 下午','DD-MON-RR HH.MI.SSXFF AM'),null,'0');
INSERT INTO GEN_TABLE_COLUMN (ID,GEN_TABLE_ID,NAME,COMMENTS,JDBC_TYPE,JAVA_TYPE,JAVA_FIELD,IS_PK,IS_NULL,IS_INSERT,IS_EDIT,IS_LIST,IS_QUERY,QUERY_TYPE,SHOW_TYPE,DICT_TYPE,SETTINGS,SORT,CREATE_BY,CREATE_DATE,UPDATE_BY,UPDATE_DATE,REMARKS,DEL_FLAG) values ('b7db9e220cbd43b3812fad9416c938af','116864a2256e4344b66a3cdf7c052c30','remarks','备注信息','nvarchar2(375)','String','remarks','0','1','1','1','1','0','=','textarea',null,null,150,'1',to_timestamp('24-12月-15 01.34.17.352000000 下午','DD-MON-RR HH.MI.SSXFF AM'),'1',to_timestamp('24-12月-15 01.34.17.352000000 下午','DD-MON-RR HH.MI.SSXFF AM'),null,'0');
INSERT INTO GEN_TABLE_COLUMN (ID,GEN_TABLE_ID,NAME,COMMENTS,JDBC_TYPE,JAVA_TYPE,JAVA_FIELD,IS_PK,IS_NULL,IS_INSERT,IS_EDIT,IS_LIST,IS_QUERY,QUERY_TYPE,SHOW_TYPE,DICT_TYPE,SETTINGS,SORT,CREATE_BY,CREATE_DATE,UPDATE_BY,UPDATE_DATE,REMARKS,DEL_FLAG) values ('e78d9babdbf747d1ac8b0ea42d3766f4','116864a2256e4344b66a3cdf7c052c30','del_flag','删除标记（0：正常；1：删除）','char(1)','String','delFlag','0','0','1','0','0','0','=','radiobox','del_flag',null,160,'1',to_timestamp('24-12月-15 01.34.17.354000000 下午','DD-MON-RR HH.MI.SSXFF AM'),'1',to_timestamp('24-12月-15 01.34.17.354000000 下午','DD-MON-RR HH.MI.SSXFF AM'),null,'0');
INSERT INTO GEN_TABLE_COLUMN (ID,GEN_TABLE_ID,NAME,COMMENTS,JDBC_TYPE,JAVA_TYPE,JAVA_FIELD,IS_PK,IS_NULL,IS_INSERT,IS_EDIT,IS_LIST,IS_QUERY,QUERY_TYPE,SHOW_TYPE,DICT_TYPE,SETTINGS,SORT,CREATE_BY,CREATE_DATE,UPDATE_BY,UPDATE_DATE,REMARKS,DEL_FLAG) values ('709980e2b3cd4267afb5baef98d2af8b','116864a2256e4344b66a3cdf7c052c30','id','UUID','varchar2(40)','String','id','1','0','1','0','0','0','=','input',null,null,10,'1',to_timestamp('24-12月-15 01.34.17.325000000 下午','DD-MON-RR HH.MI.SSXFF AM'),'1',to_timestamp('24-12月-15 01.34.17.325000000 下午','DD-MON-RR HH.MI.SSXFF AM'),null,'0');
INSERT INTO GEN_TABLE_COLUMN (ID,GEN_TABLE_ID,NAME,COMMENTS,JDBC_TYPE,JAVA_TYPE,JAVA_FIELD,IS_PK,IS_NULL,IS_INSERT,IS_EDIT,IS_LIST,IS_QUERY,QUERY_TYPE,SHOW_TYPE,DICT_TYPE,SETTINGS,SORT,CREATE_BY,CREATE_DATE,UPDATE_BY,UPDATE_DATE,REMARKS,DEL_FLAG) values ('0893cbe3da334f8daffceecb5d286320','116864a2256e4344b66a3cdf7c052c30','name','系统名称','varchar2(250)','String','name','0','1','1','1','1','1','like','input',null,null,20,'1',to_timestamp('24-12月-15 01.34.17.327000000 下午','DD-MON-RR HH.MI.SSXFF AM'),'1',to_timestamp('24-12月-15 01.34.17.327000000 下午','DD-MON-RR HH.MI.SSXFF AM'),null,'0');
INSERT INTO GEN_TABLE_COLUMN (ID,GEN_TABLE_ID,NAME,COMMENTS,JDBC_TYPE,JAVA_TYPE,JAVA_FIELD,IS_PK,IS_NULL,IS_INSERT,IS_EDIT,IS_LIST,IS_QUERY,QUERY_TYPE,SHOW_TYPE,DICT_TYPE,SETTINGS,SORT,CREATE_BY,CREATE_DATE,UPDATE_BY,UPDATE_DATE,REMARKS,DEL_FLAG) values ('500605b838cc462ba0607434c3218906','116864a2256e4344b66a3cdf7c052c30','chinese_name','中文名称','nvarchar2(375)','String','chineseName','0','1','1','1','0','1','=','input',null,null,30,'1',to_timestamp('24-12月-15 01.34.17.329000000 下午','DD-MON-RR HH.MI.SSXFF AM'),'1',to_timestamp('24-12月-15 01.34.17.329000000 下午','DD-MON-RR HH.MI.SSXFF AM'),null,'0');
INSERT INTO GEN_TABLE_COLUMN (ID,GEN_TABLE_ID,NAME,COMMENTS,JDBC_TYPE,JAVA_TYPE,JAVA_FIELD,IS_PK,IS_NULL,IS_INSERT,IS_EDIT,IS_LIST,IS_QUERY,QUERY_TYPE,SHOW_TYPE,DICT_TYPE,SETTINGS,SORT,CREATE_BY,CREATE_DATE,UPDATE_BY,UPDATE_DATE,REMARKS,DEL_FLAG) values ('2ee2707097ce41fbad7b72e4dbbe0373','116864a2256e4344b66a3cdf7c052c30','eam_bank','所属银行','varchar2(40)','String','eamBank','0','1','1','1','0','0','=','select','eam_bank',null,40,'1',to_timestamp('24-12月-15 01.34.17.331000000 下午','DD-MON-RR HH.MI.SSXFF AM'),'1',to_timestamp('24-12月-15 01.34.17.331000000 下午','DD-MON-RR HH.MI.SSXFF AM'),null,'0');
INSERT INTO GEN_TABLE_COLUMN (ID,GEN_TABLE_ID,NAME,COMMENTS,JDBC_TYPE,JAVA_TYPE,JAVA_FIELD,IS_PK,IS_NULL,IS_INSERT,IS_EDIT,IS_LIST,IS_QUERY,QUERY_TYPE,SHOW_TYPE,DICT_TYPE,SETTINGS,SORT,CREATE_BY,CREATE_DATE,UPDATE_BY,UPDATE_DATE,REMARKS,DEL_FLAG) values ('46f6a4cdc2c24daaa9d509c1729859ce','116864a2256e4344b66a3cdf7c052c30','eam_sysgroup_id','所属系统群组','varchar2(40)','String','eamSysgroupId','0','1','1','1','0','0','=','select',null,null,50,'1',to_timestamp('24-12月-15 01.34.17.333000000 下午','DD-MON-RR HH.MI.SSXFF AM'),'1',to_timestamp('24-12月-15 01.34.17.333000000 下午','DD-MON-RR HH.MI.SSXFF AM'),null,'0');
INSERT INTO GEN_TABLE_COLUMN (ID,GEN_TABLE_ID,NAME,COMMENTS,JDBC_TYPE,JAVA_TYPE,JAVA_FIELD,IS_PK,IS_NULL,IS_INSERT,IS_EDIT,IS_LIST,IS_QUERY,QUERY_TYPE,SHOW_TYPE,DICT_TYPE,SETTINGS,SORT,CREATE_BY,CREATE_DATE,UPDATE_BY,UPDATE_DATE,REMARKS,DEL_FLAG) values ('b183a81dd5334de893523afd8c91bdb3','116864a2256e4344b66a3cdf7c052c30','eam_aa_layer_id','所属应用架构层次','varchar2(40)','String','eamAaLayerId','0','1','1','1','0','0','=','select',null,null,60,'1',to_timestamp('24-12月-15 01.34.17.335000000 下午','DD-MON-RR HH.MI.SSXFF AM'),'1',to_timestamp('24-12月-15 01.34.17.335000000 下午','DD-MON-RR HH.MI.SSXFF AM'),null,'0');
INSERT INTO GEN_TABLE_COLUMN (ID,GEN_TABLE_ID,NAME,COMMENTS,JDBC_TYPE,JAVA_TYPE,JAVA_FIELD,IS_PK,IS_NULL,IS_INSERT,IS_EDIT,IS_LIST,IS_QUERY,QUERY_TYPE,SHOW_TYPE,DICT_TYPE,SETTINGS,SORT,CREATE_BY,CREATE_DATE,UPDATE_BY,UPDATE_DATE,REMARKS,DEL_FLAG) values ('4c3fc509c5da431da423055364b56029','116864a2256e4344b66a3cdf7c052c30','eam_org_layer_id','机构层次代码','varchar2(40)','String','eamOrgLayerId','0','1','1','1','0','0','=','select',null,null,70,'1',to_timestamp('24-12月-15 01.34.17.337000000 下午','DD-MON-RR HH.MI.SSXFF AM'),'1',to_timestamp('24-12月-15 01.34.17.337000000 下午','DD-MON-RR HH.MI.SSXFF AM'),null,'0');
INSERT INTO GEN_TABLE_COLUMN (ID,GEN_TABLE_ID,NAME,COMMENTS,JDBC_TYPE,JAVA_TYPE,JAVA_FIELD,IS_PK,IS_NULL,IS_INSERT,IS_EDIT,IS_LIST,IS_QUERY,QUERY_TYPE,SHOW_TYPE,DICT_TYPE,SETTINGS,SORT,CREATE_BY,CREATE_DATE,UPDATE_BY,UPDATE_DATE,REMARKS,DEL_FLAG) values ('ee04d61cceed40fcb2d74b529ccc83d8','116864a2256e4344b66a3cdf7c052c30','eam_build_type','建设类型','varchar2(40)','String','eamBuildType','0','1','1','1','0','0','=','select','eam_sys_build_type',null,80,'1',to_timestamp('24-12月-15 01.34.17.338000000 下午','DD-MON-RR HH.MI.SSXFF AM'),'1',to_timestamp('24-12月-15 01.34.17.338000000 下午','DD-MON-RR HH.MI.SSXFF AM'),null,'0');
INSERT INTO GEN_TABLE_COLUMN (ID,GEN_TABLE_ID,NAME,COMMENTS,JDBC_TYPE,JAVA_TYPE,JAVA_FIELD,IS_PK,IS_NULL,IS_INSERT,IS_EDIT,IS_LIST,IS_QUERY,QUERY_TYPE,SHOW_TYPE,DICT_TYPE,SETTINGS,SORT,CREATE_BY,CREATE_DATE,UPDATE_BY,UPDATE_DATE,REMARKS,DEL_FLAG) values ('fa62e3cacb634d14b1cf292d05c327d4','116864a2256e4344b66a3cdf7c052c30','eam_build_state','建设状态','varchar2(40)','String','eamBuildState','0','1','1','1','0','1','=','select','eam_sys_build_state',null,90,'1',to_timestamp('24-12月-15 01.34.17.340000000 下午','DD-MON-RR HH.MI.SSXFF AM'),'1',to_timestamp('24-12月-15 01.34.17.340000000 下午','DD-MON-RR HH.MI.SSXFF AM'),null,'0');
INSERT INTO GEN_TABLE_COLUMN (ID,GEN_TABLE_ID,NAME,COMMENTS,JDBC_TYPE,JAVA_TYPE,JAVA_FIELD,IS_PK,IS_NULL,IS_INSERT,IS_EDIT,IS_LIST,IS_QUERY,QUERY_TYPE,SHOW_TYPE,DICT_TYPE,SETTINGS,SORT,CREATE_BY,CREATE_DATE,UPDATE_BY,UPDATE_DATE,REMARKS,DEL_FLAG) values ('86e6fc39981349878c1ff138a478380d','116864a2256e4344b66a3cdf7c052c30','eam_trend','未来走向','varchar2(40)','String','eamTrend','0','1','1','1','0','0','=','select','eam_sys_trend',null,100,'1',to_timestamp('24-12月-15 01.34.17.342000000 下午','DD-MON-RR HH.MI.SSXFF AM'),'1',to_timestamp('24-12月-15 01.34.17.342000000 下午','DD-MON-RR HH.MI.SSXFF AM'),null,'0');
INSERT INTO GEN_TABLE_COLUMN (ID,GEN_TABLE_ID,NAME,COMMENTS,JDBC_TYPE,JAVA_TYPE,JAVA_FIELD,IS_PK,IS_NULL,IS_INSERT,IS_EDIT,IS_LIST,IS_QUERY,QUERY_TYPE,SHOW_TYPE,DICT_TYPE,SETTINGS,SORT,CREATE_BY,CREATE_DATE,UPDATE_BY,UPDATE_DATE,REMARKS,DEL_FLAG) values ('905f073bbfd94a5ea2588870b97a935c','116864a2256e4344b66a3cdf7c052c30','create_by','创建者','varchar2(64)','com.dc.smarteam.modules.sys.entity.User','createBy.id','0','0','1','0','0','0','=','input',null,null,110,'1',to_timestamp('24-12月-15 01.34.17.344000000 下午','DD-MON-RR HH.MI.SSXFF AM'),'1',to_timestamp('24-12月-15 01.34.17.344000000 下午','DD-MON-RR HH.MI.SSXFF AM'),null,'0');
INSERT INTO GEN_TABLE_COLUMN (ID,GEN_TABLE_ID,NAME,COMMENTS,JDBC_TYPE,JAVA_TYPE,JAVA_FIELD,IS_PK,IS_NULL,IS_INSERT,IS_EDIT,IS_LIST,IS_QUERY,QUERY_TYPE,SHOW_TYPE,DICT_TYPE,SETTINGS,SORT,CREATE_BY,CREATE_DATE,UPDATE_BY,UPDATE_DATE,REMARKS,DEL_FLAG) values ('8a3ea2838e3d42abbaf0a0a3f4040290','216989de662040808cfaf8bb06a51213','id','UUID','varchar2(40)','String','id','1','0','1','0','0','0','=','input',null,null,10,'1',to_timestamp('22-12月-15 04.22.55.433000000 下午','DD-MON-RR HH.MI.SSXFF AM'),'1',to_timestamp('23-12月-15 03.03.07.050000000 下午','DD-MON-RR HH.MI.SSXFF AM'),null,'0');
INSERT INTO GEN_TABLE_COLUMN (ID,GEN_TABLE_ID,NAME,COMMENTS,JDBC_TYPE,JAVA_TYPE,JAVA_FIELD,IS_PK,IS_NULL,IS_INSERT,IS_EDIT,IS_LIST,IS_QUERY,QUERY_TYPE,SHOW_TYPE,DICT_TYPE,SETTINGS,SORT,CREATE_BY,CREATE_DATE,UPDATE_BY,UPDATE_DATE,REMARKS,DEL_FLAG) values ('c2fe1dc49eae49e88bee10ba98e8c91e','216989de662040808cfaf8bb06a51213','eam_system_id','所属系统','varchar2(40)','String','eamSystemId','0','0','1','1','0','1','=','select',null,null,20,'1',to_timestamp('22-12月-15 04.22.55.437000000 下午','DD-MON-RR HH.MI.SSXFF AM'),'1',to_timestamp('23-12月-15 03.03.07.054000000 下午','DD-MON-RR HH.MI.SSXFF AM'),null,'0');
INSERT INTO GEN_TABLE_COLUMN (ID,GEN_TABLE_ID,NAME,COMMENTS,JDBC_TYPE,JAVA_TYPE,JAVA_FIELD,IS_PK,IS_NULL,IS_INSERT,IS_EDIT,IS_LIST,IS_QUERY,QUERY_TYPE,SHOW_TYPE,DICT_TYPE,SETTINGS,SORT,CREATE_BY,CREATE_DATE,UPDATE_BY,UPDATE_DATE,REMARKS,DEL_FLAG) values ('5e0eb55352e24fb4969867b11f059b69','216989de662040808cfaf8bb06a51213','name','模块名称','varchar2(255)','String','name','0','1','1','1','1','1','like','input',null,null,30,'1',to_timestamp('22-12月-15 04.22.55.439000000 下午','DD-MON-RR HH.MI.SSXFF AM'),'1',to_timestamp('23-12月-15 03.03.07.055000000 下午','DD-MON-RR HH.MI.SSXFF AM'),null,'0');
INSERT INTO GEN_TABLE_COLUMN (ID,GEN_TABLE_ID,NAME,COMMENTS,JDBC_TYPE,JAVA_TYPE,JAVA_FIELD,IS_PK,IS_NULL,IS_INSERT,IS_EDIT,IS_LIST,IS_QUERY,QUERY_TYPE,SHOW_TYPE,DICT_TYPE,SETTINGS,SORT,CREATE_BY,CREATE_DATE,UPDATE_BY,UPDATE_DATE,REMARKS,DEL_FLAG) values ('bb746cac280a4575a05a089e0096478f','216989de662040808cfaf8bb06a51213','chinese_name','中文名称','nvarchar2(382.5)','String','chineseName','0','1','1','1','1','1','like','input',null,null,40,'1',to_timestamp('22-12月-15 04.22.55.441000000 下午','DD-MON-RR HH.MI.SSXFF AM'),'1',to_timestamp('23-12月-15 03.03.07.058000000 下午','DD-MON-RR HH.MI.SSXFF AM'),null,'0');
INSERT INTO GEN_TABLE_COLUMN (ID,GEN_TABLE_ID,NAME,COMMENTS,JDBC_TYPE,JAVA_TYPE,JAVA_FIELD,IS_PK,IS_NULL,IS_INSERT,IS_EDIT,IS_LIST,IS_QUERY,QUERY_TYPE,SHOW_TYPE,DICT_TYPE,SETTINGS,SORT,CREATE_BY,CREATE_DATE,UPDATE_BY,UPDATE_DATE,REMARKS,DEL_FLAG) values ('9d35e1943a944c73add932897349e879','216989de662040808cfaf8bb06a51213','manager','模块负责人','varchar2(40)','com.dc.smarteam.modules.sys.entity.User','manager.id','0','1','1','1','1','1','=','userselect',null,null,50,'1',to_timestamp('22-12月-15 04.22.55.442000000 下午','DD-MON-RR HH.MI.SSXFF AM'),'1',to_timestamp('23-12月-15 03.03.07.060000000 下午','DD-MON-RR HH.MI.SSXFF AM'),null,'0');
INSERT INTO GEN_TABLE_COLUMN (ID,GEN_TABLE_ID,NAME,COMMENTS,JDBC_TYPE,JAVA_TYPE,JAVA_FIELD,IS_PK,IS_NULL,IS_INSERT,IS_EDIT,IS_LIST,IS_QUERY,QUERY_TYPE,SHOW_TYPE,DICT_TYPE,SETTINGS,SORT,CREATE_BY,CREATE_DATE,UPDATE_BY,UPDATE_DATE,REMARKS,DEL_FLAG) values ('f8aca13f5a684b9f88fe3843621390ce','216989de662040808cfaf8bb06a51213','create_by','创建者','varchar2(64)','com.dc.smarteam.modules.sys.entity.User','createBy.id','0','0','1','1','0','0','=','input',null,null,60,'1',to_timestamp('22-12月-15 04.22.55.444000000 下午','DD-MON-RR HH.MI.SSXFF AM'),'1',to_timestamp('23-12月-15 03.03.07.062000000 下午','DD-MON-RR HH.MI.SSXFF AM'),null,'0');
INSERT INTO GEN_TABLE_COLUMN (ID,GEN_TABLE_ID,NAME,COMMENTS,JDBC_TYPE,JAVA_TYPE,JAVA_FIELD,IS_PK,IS_NULL,IS_INSERT,IS_EDIT,IS_LIST,IS_QUERY,QUERY_TYPE,SHOW_TYPE,DICT_TYPE,SETTINGS,SORT,CREATE_BY,CREATE_DATE,UPDATE_BY,UPDATE_DATE,REMARKS,DEL_FLAG) values ('8c7b8d47bb8b4f70ba3c166050bad6cc','216989de662040808cfaf8bb06a51213','create_date','创建时间','timestamp(6)','java.util.Date','createDate','0','0','1','1','0','0','=','dateselect',null,null,70,'1',to_timestamp('22-12月-15 04.22.55.446000000 下午','DD-MON-RR HH.MI.SSXFF AM'),'1',to_timestamp('23-12月-15 03.03.07.064000000 下午','DD-MON-RR HH.MI.SSXFF AM'),null,'0');
INSERT INTO GEN_TABLE_COLUMN (ID,GEN_TABLE_ID,NAME,COMMENTS,JDBC_TYPE,JAVA_TYPE,JAVA_FIELD,IS_PK,IS_NULL,IS_INSERT,IS_EDIT,IS_LIST,IS_QUERY,QUERY_TYPE,SHOW_TYPE,DICT_TYPE,SETTINGS,SORT,CREATE_BY,CREATE_DATE,UPDATE_BY,UPDATE_DATE,REMARKS,DEL_FLAG) values ('ea9711a783df43a7a7daf9ead1609e8e','216989de662040808cfaf8bb06a51213','update_by','更新者','varchar2(64)','com.dc.smarteam.modules.sys.entity.User','updateBy.id','0','0','1','1','0','0','=','input',null,null,80,'1',to_timestamp('22-12月-15 04.22.55.448000000 下午','DD-MON-RR HH.MI.SSXFF AM'),'1',to_timestamp('23-12月-15 03.03.07.066000000 下午','DD-MON-RR HH.MI.SSXFF AM'),null,'0');
INSERT INTO GEN_TABLE_COLUMN (ID,GEN_TABLE_ID,NAME,COMMENTS,JDBC_TYPE,JAVA_TYPE,JAVA_FIELD,IS_PK,IS_NULL,IS_INSERT,IS_EDIT,IS_LIST,IS_QUERY,QUERY_TYPE,SHOW_TYPE,DICT_TYPE,SETTINGS,SORT,CREATE_BY,CREATE_DATE,UPDATE_BY,UPDATE_DATE,REMARKS,DEL_FLAG) values ('8196c73e21db4882a8c8f7d793b56588','216989de662040808cfaf8bb06a51213','update_date','更新时间','timestamp(6)','java.util.Date','updateDate','0','0','1','1','1','0','=','dateselect',null,null,90,'1',to_timestamp('22-12月-15 04.22.55.450000000 下午','DD-MON-RR HH.MI.SSXFF AM'),'1',to_timestamp('23-12月-15 03.03.07.068000000 下午','DD-MON-RR HH.MI.SSXFF AM'),null,'0');
INSERT INTO GEN_TABLE_COLUMN (ID,GEN_TABLE_ID,NAME,COMMENTS,JDBC_TYPE,JAVA_TYPE,JAVA_FIELD,IS_PK,IS_NULL,IS_INSERT,IS_EDIT,IS_LIST,IS_QUERY,QUERY_TYPE,SHOW_TYPE,DICT_TYPE,SETTINGS,SORT,CREATE_BY,CREATE_DATE,UPDATE_BY,UPDATE_DATE,REMARKS,DEL_FLAG) values ('6c35009cea554011afd15a852034421c','216989de662040808cfaf8bb06a51213','remarks','备注信息','nvarchar2(382.5)','String','remarks','0','1','1','1','1','0','=','textarea',null,null,100,'1',to_timestamp('22-12月-15 04.22.55.451000000 下午','DD-MON-RR HH.MI.SSXFF AM'),'1',to_timestamp('23-12月-15 03.03.07.070000000 下午','DD-MON-RR HH.MI.SSXFF AM'),null,'0');
INSERT INTO GEN_TABLE_COLUMN (ID,GEN_TABLE_ID,NAME,COMMENTS,JDBC_TYPE,JAVA_TYPE,JAVA_FIELD,IS_PK,IS_NULL,IS_INSERT,IS_EDIT,IS_LIST,IS_QUERY,QUERY_TYPE,SHOW_TYPE,DICT_TYPE,SETTINGS,SORT,CREATE_BY,CREATE_DATE,UPDATE_BY,UPDATE_DATE,REMARKS,DEL_FLAG) values ('ed7b8c9f976d4f39bbf2225a7b6b9f90','216989de662040808cfaf8bb06a51213','del_flag','删除标记（0：正常；1：删除）','char(1)','String','delFlag','0','0','1','0','0','0','=','radiobox','del_flag',null,110,'1',to_timestamp('22-12月-15 04.22.55.454000000 下午','DD-MON-RR HH.MI.SSXFF AM'),'1',to_timestamp('23-12月-15 03.03.07.071000000 下午','DD-MON-RR HH.MI.SSXFF AM'),null,'0');
INSERT INTO GEN_TABLE_COLUMN (ID,GEN_TABLE_ID,NAME,COMMENTS,JDBC_TYPE,JAVA_TYPE,JAVA_FIELD,IS_PK,IS_NULL,IS_INSERT,IS_EDIT,IS_LIST,IS_QUERY,QUERY_TYPE,SHOW_TYPE,DICT_TYPE,SETTINGS,SORT,CREATE_BY,CREATE_DATE,UPDATE_BY,UPDATE_DATE,REMARKS,DEL_FLAG) values ('0281f19285994c75a160047b0e4aea9d','683769164d36437a808b5ac6869c38bd','id','UUID','varchar2(40)','String','id','1','0','1','0','0','0','=','input',null,null,10,'1',to_timestamp('24-12月-15 01.54.23.691000000 下午','DD-MON-RR HH.MI.SSXFF AM'),'1',to_timestamp('24-12月-15 01.54.23.691000000 下午','DD-MON-RR HH.MI.SSXFF AM'),null,'0');
INSERT INTO GEN_TABLE_COLUMN (ID,GEN_TABLE_ID,NAME,COMMENTS,JDBC_TYPE,JAVA_TYPE,JAVA_FIELD,IS_PK,IS_NULL,IS_INSERT,IS_EDIT,IS_LIST,IS_QUERY,QUERY_TYPE,SHOW_TYPE,DICT_TYPE,SETTINGS,SORT,CREATE_BY,CREATE_DATE,UPDATE_BY,UPDATE_DATE,REMARKS,DEL_FLAG) values ('6dbab165dfef4bcb837c4b735fcdf082','683769164d36437a808b5ac6869c38bd','name','决策点名称','varchar2(250)','String','name','0','0','1','1','1','1','like','input',null,null,20,'1',to_timestamp('24-12月-15 01.54.23.695000000 下午','DD-MON-RR HH.MI.SSXFF AM'),'1',to_timestamp('24-12月-15 01.54.23.695000000 下午','DD-MON-RR HH.MI.SSXFF AM'),null,'0');
INSERT INTO GEN_TABLE_COLUMN (ID,GEN_TABLE_ID,NAME,COMMENTS,JDBC_TYPE,JAVA_TYPE,JAVA_FIELD,IS_PK,IS_NULL,IS_INSERT,IS_EDIT,IS_LIST,IS_QUERY,QUERY_TYPE,SHOW_TYPE,DICT_TYPE,SETTINGS,SORT,CREATE_BY,CREATE_DATE,UPDATE_BY,UPDATE_DATE,REMARKS,DEL_FLAG) values ('134ebb4ec99f4b9cb63c5ed8f24d907a','683769164d36437a808b5ac6869c38bd','chinese_name','决策点中文名','nvarchar2(375)','String','chineseName','0','1','1','1','1','1','like','input',null,null,30,'1',to_timestamp('24-12月-15 01.54.23.697000000 下午','DD-MON-RR HH.MI.SSXFF AM'),'1',to_timestamp('24-12月-15 01.54.23.697000000 下午','DD-MON-RR HH.MI.SSXFF AM'),null,'0');
INSERT INTO GEN_TABLE_COLUMN (ID,GEN_TABLE_ID,NAME,COMMENTS,JDBC_TYPE,JAVA_TYPE,JAVA_FIELD,IS_PK,IS_NULL,IS_INSERT,IS_EDIT,IS_LIST,IS_QUERY,QUERY_TYPE,SHOW_TYPE,DICT_TYPE,SETTINGS,SORT,CREATE_BY,CREATE_DATE,UPDATE_BY,UPDATE_DATE,REMARKS,DEL_FLAG) values ('c210a39411334d22985ff71aa3ad8a3a','683769164d36437a808b5ac6869c38bd','strategy_process','决策过程','nvarchar2(2000)','String','strategyProcess','0','1','1','1','0','0','=','input',null,null,40,'1',to_timestamp('24-12月-15 01.54.23.699000000 下午','DD-MON-RR HH.MI.SSXFF AM'),'1',to_timestamp('24-12月-15 01.54.23.699000000 下午','DD-MON-RR HH.MI.SSXFF AM'),null,'0');
INSERT INTO GEN_TABLE_COLUMN (ID,GEN_TABLE_ID,NAME,COMMENTS,JDBC_TYPE,JAVA_TYPE,JAVA_FIELD,IS_PK,IS_NULL,IS_INSERT,IS_EDIT,IS_LIST,IS_QUERY,QUERY_TYPE,SHOW_TYPE,DICT_TYPE,SETTINGS,SORT,CREATE_BY,CREATE_DATE,UPDATE_BY,UPDATE_DATE,REMARKS,DEL_FLAG) values ('59592b75361c454fa6584f1843746471','683769164d36437a808b5ac6869c38bd','conclusion','结论','nvarchar2(2000)','String','conclusion','0','1','1','1','0','0','=','input',null,null,50,'1',to_timestamp('24-12月-15 01.54.23.701000000 下午','DD-MON-RR HH.MI.SSXFF AM'),'1',to_timestamp('24-12月-15 01.54.23.701000000 下午','DD-MON-RR HH.MI.SSXFF AM'),null,'0');
INSERT INTO GEN_TABLE_COLUMN (ID,GEN_TABLE_ID,NAME,COMMENTS,JDBC_TYPE,JAVA_TYPE,JAVA_FIELD,IS_PK,IS_NULL,IS_INSERT,IS_EDIT,IS_LIST,IS_QUERY,QUERY_TYPE,SHOW_TYPE,DICT_TYPE,SETTINGS,SORT,CREATE_BY,CREATE_DATE,UPDATE_BY,UPDATE_DATE,REMARKS,DEL_FLAG) values ('46eed50390954506a9df5bd4e6f84a78','683769164d36437a808b5ac6869c38bd','create_by','创建者','varchar2(40)','com.dc.smarteam.modules.sys.entity.User','createBy.id','0','1','1','0','0','0','=','input',null,null,60,'1',to_timestamp('24-12月-15 01.54.23.703000000 下午','DD-MON-RR HH.MI.SSXFF AM'),'1',to_timestamp('24-12月-15 01.54.23.703000000 下午','DD-MON-RR HH.MI.SSXFF AM'),null,'0');
INSERT INTO GEN_TABLE_COLUMN (ID,GEN_TABLE_ID,NAME,COMMENTS,JDBC_TYPE,JAVA_TYPE,JAVA_FIELD,IS_PK,IS_NULL,IS_INSERT,IS_EDIT,IS_LIST,IS_QUERY,QUERY_TYPE,SHOW_TYPE,DICT_TYPE,SETTINGS,SORT,CREATE_BY,CREATE_DATE,UPDATE_BY,UPDATE_DATE,REMARKS,DEL_FLAG) values ('375bf90c69e34b64a5c64d82ee3034a1','683769164d36437a808b5ac6869c38bd','create_date','创建时间','timestamp(6)','java.util.Date','createDate','0','1','1','0','0','0','=','dateselect',null,null,70,'1',to_timestamp('24-12月-15 01.54.23.706000000 下午','DD-MON-RR HH.MI.SSXFF AM'),'1',to_timestamp('24-12月-15 01.54.23.706000000 下午','DD-MON-RR HH.MI.SSXFF AM'),null,'0');
INSERT INTO GEN_TABLE_COLUMN (ID,GEN_TABLE_ID,NAME,COMMENTS,JDBC_TYPE,JAVA_TYPE,JAVA_FIELD,IS_PK,IS_NULL,IS_INSERT,IS_EDIT,IS_LIST,IS_QUERY,QUERY_TYPE,SHOW_TYPE,DICT_TYPE,SETTINGS,SORT,CREATE_BY,CREATE_DATE,UPDATE_BY,UPDATE_DATE,REMARKS,DEL_FLAG) values ('71863bf07b874ed8b071a4949482a219','683769164d36437a808b5ac6869c38bd','update_by','更新者','varchar2(40)','com.dc.smarteam.modules.sys.entity.User','updateBy.id','0','1','1','1','0','0','=','input',null,null,80,'1',to_timestamp('24-12月-15 01.54.23.708000000 下午','DD-MON-RR HH.MI.SSXFF AM'),'1',to_timestamp('24-12月-15 01.54.23.708000000 下午','DD-MON-RR HH.MI.SSXFF AM'),null,'0');
INSERT INTO GEN_TABLE_COLUMN (ID,GEN_TABLE_ID,NAME,COMMENTS,JDBC_TYPE,JAVA_TYPE,JAVA_FIELD,IS_PK,IS_NULL,IS_INSERT,IS_EDIT,IS_LIST,IS_QUERY,QUERY_TYPE,SHOW_TYPE,DICT_TYPE,SETTINGS,SORT,CREATE_BY,CREATE_DATE,UPDATE_BY,UPDATE_DATE,REMARKS,DEL_FLAG) values ('88a9f362b6ad45c098507a318641e0b5','683769164d36437a808b5ac6869c38bd','update_date','更新时间','timestamp(6)','java.util.Date','updateDate','0','1','1','1','1','0','=','dateselect',null,null,90,'1',to_timestamp('24-12月-15 01.54.23.710000000 下午','DD-MON-RR HH.MI.SSXFF AM'),'1',to_timestamp('24-12月-15 01.54.23.710000000 下午','DD-MON-RR HH.MI.SSXFF AM'),null,'0');
INSERT INTO GEN_TABLE_COLUMN (ID,GEN_TABLE_ID,NAME,COMMENTS,JDBC_TYPE,JAVA_TYPE,JAVA_FIELD,IS_PK,IS_NULL,IS_INSERT,IS_EDIT,IS_LIST,IS_QUERY,QUERY_TYPE,SHOW_TYPE,DICT_TYPE,SETTINGS,SORT,CREATE_BY,CREATE_DATE,UPDATE_BY,UPDATE_DATE,REMARKS,DEL_FLAG) values ('a92e92244ea84fdaaed55750ca2782e8','683769164d36437a808b5ac6869c38bd','remarks','备注信息','nvarchar2(375)','String','remarks','0','1','1','1','1','0','=','textarea',null,null,100,'1',to_timestamp('24-12月-15 01.54.23.712000000 下午','DD-MON-RR HH.MI.SSXFF AM'),'1',to_timestamp('24-12月-15 01.54.23.712000000 下午','DD-MON-RR HH.MI.SSXFF AM'),null,'0');
INSERT INTO GEN_TABLE_COLUMN (ID,GEN_TABLE_ID,NAME,COMMENTS,JDBC_TYPE,JAVA_TYPE,JAVA_FIELD,IS_PK,IS_NULL,IS_INSERT,IS_EDIT,IS_LIST,IS_QUERY,QUERY_TYPE,SHOW_TYPE,DICT_TYPE,SETTINGS,SORT,CREATE_BY,CREATE_DATE,UPDATE_BY,UPDATE_DATE,REMARKS,DEL_FLAG) values ('ebf3bb735c1a4c1086c389febb0aba54','683769164d36437a808b5ac6869c38bd','del_flag','删除标记（0：正常；1：删除）','char(1)','String','delFlag','0','0','1','0','0','0','=','radiobox','del_flag',null,110,'1',to_timestamp('24-12月-15 01.54.23.714000000 下午','DD-MON-RR HH.MI.SSXFF AM'),'1',to_timestamp('24-12月-15 01.54.23.714000000 下午','DD-MON-RR HH.MI.SSXFF AM'),null,'0');
INSERT INTO GEN_TABLE_COLUMN (ID,GEN_TABLE_ID,NAME,COMMENTS,JDBC_TYPE,JAVA_TYPE,JAVA_FIELD,IS_PK,IS_NULL,IS_INSERT,IS_EDIT,IS_LIST,IS_QUERY,QUERY_TYPE,SHOW_TYPE,DICT_TYPE,SETTINGS,SORT,CREATE_BY,CREATE_DATE,UPDATE_BY,UPDATE_DATE,REMARKS,DEL_FLAG) values ('e4dc170b95724c4b90ce44e11d9f0ff0','f866353299234efeb13b87d64b36eb07','id','UUID','varchar2(40)','String','id','1','0','1','0','0','0','=','input',null,null,10,'1',to_timestamp('24-12月-15 01.53.26.893000000 下午','DD-MON-RR HH.MI.SSXFF AM'),'1',to_timestamp('24-12月-15 01.53.26.893000000 下午','DD-MON-RR HH.MI.SSXFF AM'),null,'0');
INSERT INTO GEN_TABLE_COLUMN (ID,GEN_TABLE_ID,NAME,COMMENTS,JDBC_TYPE,JAVA_TYPE,JAVA_FIELD,IS_PK,IS_NULL,IS_INSERT,IS_EDIT,IS_LIST,IS_QUERY,QUERY_TYPE,SHOW_TYPE,DICT_TYPE,SETTINGS,SORT,CREATE_BY,CREATE_DATE,UPDATE_BY,UPDATE_DATE,REMARKS,DEL_FLAG) values ('a50f24369ffb4d0d902e4f92cc375e09','f866353299234efeb13b87d64b36eb07','name','架构层次名称','varchar2(250)','String','name','0','1','1','1','1','1','like','input',null,null,20,'1',to_timestamp('24-12月-15 01.53.26.895000000 下午','DD-MON-RR HH.MI.SSXFF AM'),'1',to_timestamp('24-12月-15 01.53.26.895000000 下午','DD-MON-RR HH.MI.SSXFF AM'),null,'0');
INSERT INTO GEN_TABLE_COLUMN (ID,GEN_TABLE_ID,NAME,COMMENTS,JDBC_TYPE,JAVA_TYPE,JAVA_FIELD,IS_PK,IS_NULL,IS_INSERT,IS_EDIT,IS_LIST,IS_QUERY,QUERY_TYPE,SHOW_TYPE,DICT_TYPE,SETTINGS,SORT,CREATE_BY,CREATE_DATE,UPDATE_BY,UPDATE_DATE,REMARKS,DEL_FLAG) values ('147e2c9f6d8e481781024f17632e5426','f866353299234efeb13b87d64b36eb07','chinese_name','架构层次简称','varchar2(250)','String','chineseName','0','1','1','1','1','1','like','input',null,null,30,'1',to_timestamp('24-12月-15 01.53.26.897000000 下午','DD-MON-RR HH.MI.SSXFF AM'),'1',to_timestamp('24-12月-15 01.53.26.897000000 下午','DD-MON-RR HH.MI.SSXFF AM'),null,'0');
INSERT INTO GEN_TABLE_COLUMN (ID,GEN_TABLE_ID,NAME,COMMENTS,JDBC_TYPE,JAVA_TYPE,JAVA_FIELD,IS_PK,IS_NULL,IS_INSERT,IS_EDIT,IS_LIST,IS_QUERY,QUERY_TYPE,SHOW_TYPE,DICT_TYPE,SETTINGS,SORT,CREATE_BY,CREATE_DATE,UPDATE_BY,UPDATE_DATE,REMARKS,DEL_FLAG) values ('3ef7f6564ed441f5bcf34f4ef012f3f3','f866353299234efeb13b87d64b36eb07','create_by','创建者','varchar2(64)','com.dc.smarteam.modules.sys.entity.User','createBy.id','0','0','1','0','0','0','=','input',null,null,40,'1',to_timestamp('24-12月-15 01.53.26.899000000 下午','DD-MON-RR HH.MI.SSXFF AM'),'1',to_timestamp('24-12月-15 01.53.26.899000000 下午','DD-MON-RR HH.MI.SSXFF AM'),null,'0');
INSERT INTO GEN_TABLE_COLUMN (ID,GEN_TABLE_ID,NAME,COMMENTS,JDBC_TYPE,JAVA_TYPE,JAVA_FIELD,IS_PK,IS_NULL,IS_INSERT,IS_EDIT,IS_LIST,IS_QUERY,QUERY_TYPE,SHOW_TYPE,DICT_TYPE,SETTINGS,SORT,CREATE_BY,CREATE_DATE,UPDATE_BY,UPDATE_DATE,REMARKS,DEL_FLAG) values ('f9a02d8675984b1fb737f2dbb4bb8229','f866353299234efeb13b87d64b36eb07','create_date','创建时间','timestamp(6)','java.util.Date','createDate','0','0','1','0','0','0','=','dateselect',null,null,50,'1',to_timestamp('24-12月-15 01.53.26.901000000 下午','DD-MON-RR HH.MI.SSXFF AM'),'1',to_timestamp('24-12月-15 01.53.26.901000000 下午','DD-MON-RR HH.MI.SSXFF AM'),null,'0');
INSERT INTO GEN_TABLE_COLUMN (ID,GEN_TABLE_ID,NAME,COMMENTS,JDBC_TYPE,JAVA_TYPE,JAVA_FIELD,IS_PK,IS_NULL,IS_INSERT,IS_EDIT,IS_LIST,IS_QUERY,QUERY_TYPE,SHOW_TYPE,DICT_TYPE,SETTINGS,SORT,CREATE_BY,CREATE_DATE,UPDATE_BY,UPDATE_DATE,REMARKS,DEL_FLAG) values ('b9be37fc48d7403abdac60d336d5feed','f866353299234efeb13b87d64b36eb07','update_by','更新者','varchar2(64)','com.dc.smarteam.modules.sys.entity.User','updateBy.id','0','0','1','1','0','0','=','input',null,null,60,'1',to_timestamp('24-12月-15 01.53.26.903000000 下午','DD-MON-RR HH.MI.SSXFF AM'),'1',to_timestamp('24-12月-15 01.53.26.903000000 下午','DD-MON-RR HH.MI.SSXFF AM'),null,'0');
INSERT INTO GEN_TABLE_COLUMN (ID,GEN_TABLE_ID,NAME,COMMENTS,JDBC_TYPE,JAVA_TYPE,JAVA_FIELD,IS_PK,IS_NULL,IS_INSERT,IS_EDIT,IS_LIST,IS_QUERY,QUERY_TYPE,SHOW_TYPE,DICT_TYPE,SETTINGS,SORT,CREATE_BY,CREATE_DATE,UPDATE_BY,UPDATE_DATE,REMARKS,DEL_FLAG) values ('c40f7c9bb9f74ba9ac6080d8f8054bd3','f866353299234efeb13b87d64b36eb07','update_date','更新时间','timestamp(6)','java.util.Date','updateDate','0','0','1','1','1','0','=','dateselect',null,null,70,'1',to_timestamp('24-12月-15 01.53.26.904000000 下午','DD-MON-RR HH.MI.SSXFF AM'),'1',to_timestamp('24-12月-15 01.53.26.904000000 下午','DD-MON-RR HH.MI.SSXFF AM'),null,'0');
INSERT INTO GEN_TABLE_COLUMN (ID,GEN_TABLE_ID,NAME,COMMENTS,JDBC_TYPE,JAVA_TYPE,JAVA_FIELD,IS_PK,IS_NULL,IS_INSERT,IS_EDIT,IS_LIST,IS_QUERY,QUERY_TYPE,SHOW_TYPE,DICT_TYPE,SETTINGS,SORT,CREATE_BY,CREATE_DATE,UPDATE_BY,UPDATE_DATE,REMARKS,DEL_FLAG) values ('ad8c7fc40f7547d6b85858bb7caf0ae3','f866353299234efeb13b87d64b36eb07','remarks','备注信息','nvarchar2(375)','String','remarks','0','1','1','1','1','0','=','textarea',null,null,80,'1',to_timestamp('24-12月-15 01.53.26.906000000 下午','DD-MON-RR HH.MI.SSXFF AM'),'1',to_timestamp('24-12月-15 01.53.26.906000000 下午','DD-MON-RR HH.MI.SSXFF AM'),null,'0');
INSERT INTO GEN_TABLE_COLUMN (ID,GEN_TABLE_ID,NAME,COMMENTS,JDBC_TYPE,JAVA_TYPE,JAVA_FIELD,IS_PK,IS_NULL,IS_INSERT,IS_EDIT,IS_LIST,IS_QUERY,QUERY_TYPE,SHOW_TYPE,DICT_TYPE,SETTINGS,SORT,CREATE_BY,CREATE_DATE,UPDATE_BY,UPDATE_DATE,REMARKS,DEL_FLAG) values ('45f52e4837164b45a63387106c098b8f','f866353299234efeb13b87d64b36eb07','del_flag','删除标记（0：正常；1：删除）','char(1)','String','delFlag','0','0','1','0','0','0','=','radiobox','del_flag',null,90,'1',to_timestamp('24-12月-15 01.53.26.909000000 下午','DD-MON-RR HH.MI.SSXFF AM'),'1',to_timestamp('24-12月-15 01.53.26.909000000 下午','DD-MON-RR HH.MI.SSXFF AM'),null,'0');



--菜单
INSERT INTO SYS_MENU (ID,PARENT_ID,PARENT_IDS,NAME,SORT,HREF,TARGET,ICON,IS_SHOW,PERMISSION,CREATE_BY,CREATE_DATE,UPDATE_BY,UPDATE_DATE,REMARKS,DEL_FLAG) values ('97031d004c8941f4acb3a6b03f78c3c8','1','0,1,','架构管理',5060,null,null,null,'1',null,'1',to_timestamp('21-12月-15 01.22.46.866000000 下午','DD-MON-RR HH.MI.SSXFF AM'),'1',to_timestamp('22-12月-15 04.26.18.366000000 下午','DD-MON-RR HH.MI.SSXFF AM'),null,'0');
INSERT INTO SYS_MENU (ID,PARENT_ID,PARENT_IDS,NAME,SORT,HREF,TARGET,ICON,IS_SHOW,PERMISSION,CREATE_BY,CREATE_DATE,UPDATE_BY,UPDATE_DATE,REMARKS,DEL_FLAG) values ('834770ed18224216b5bfe94574e60d35','97031d004c8941f4acb3a6b03f78c3c8','0,1,97031d004c8941f4acb3a6b03f78c3c8,','应用系统管理',30,null,null,null,'1',null,'1',to_timestamp('21-12月-15 01.24.37.337000000 下午','DD-MON-RR HH.MI.SSXFF AM'),'1',to_timestamp('22-12月-15 04.27.03.279000000 下午','DD-MON-RR HH.MI.SSXFF AM'),null,'0');
INSERT INTO SYS_MENU (ID,PARENT_ID,PARENT_IDS,NAME,SORT,HREF,TARGET,ICON,IS_SHOW,PERMISSION,CREATE_BY,CREATE_DATE,UPDATE_BY,UPDATE_DATE,REMARKS,DEL_FLAG) values ('61dbe8ad87864f1c9f26f4cfffbf921b','834770ed18224216b5bfe94574e60d35','0,1,97031d004c8941f4acb3a6b03f78c3c8,834770ed18224216b5bfe94574e60d35,','系统管理',30,'/sysmng/eamSystem',null,null,'1','sysmng:eamSystem:view,sysmng:eamSystem:edit','1',to_timestamp('21-12月-15 01.25.07.304000000 下午','DD-MON-RR HH.MI.SSXFF AM'),'1',to_timestamp('22-12月-15 04.25.56.563000000 下午','DD-MON-RR HH.MI.SSXFF AM'),null,'0');
INSERT INTO SYS_MENU (ID,PARENT_ID,PARENT_IDS,NAME,SORT,HREF,TARGET,ICON,IS_SHOW,PERMISSION,CREATE_BY,CREATE_DATE,UPDATE_BY,UPDATE_DATE,REMARKS,DEL_FLAG) values ('4e02d3c9b002406e9a3be311df8db62d','834770ed18224216b5bfe94574e60d35','0,1,97031d004c8941f4acb3a6b03f78c3c8,834770ed18224216b5bfe94574e60d35,','系统群组管理',90,'/syssgrp/eamSysgroup',null,null,'1','syssgrp:eamSysgroup:view,syssgrp:eamSysgroup:edit','1',to_timestamp('24-12月-15 02.07.38.635000000 下午','DD-MON-RR HH.MI.SSXFF AM'),'1',to_timestamp('24-12月-15 02.07.38.635000000 下午','DD-MON-RR HH.MI.SSXFF AM'),null,'0');
INSERT INTO SYS_MENU (ID,PARENT_ID,PARENT_IDS,NAME,SORT,HREF,TARGET,ICON,IS_SHOW,PERMISSION,CREATE_BY,CREATE_DATE,UPDATE_BY,UPDATE_DATE,REMARKS,DEL_FLAG) values ('471817e68cdb4ad8bec1d98d5b332c7f','834770ed18224216b5bfe94574e60d35','0,1,97031d004c8941f4acb3a6b03f78c3c8,834770ed18224216b5bfe94574e60d35,','架构层次管理',120,'/syslyr/eamAaLayer',null,null,'1','syslyr:eamAaLayer:view,syslyr:eamAaLayer:edit','1',to_timestamp('24-12月-15 02.06.05.023000000 下午','DD-MON-RR HH.MI.SSXFF AM'),'1',to_timestamp('24-12月-15 02.06.05.023000000 下午','DD-MON-RR HH.MI.SSXFF AM'),null,'0');
INSERT INTO SYS_MENU (ID,PARENT_ID,PARENT_IDS,NAME,SORT,HREF,TARGET,ICON,IS_SHOW,PERMISSION,CREATE_BY,CREATE_DATE,UPDATE_BY,UPDATE_DATE,REMARKS,DEL_FLAG) values ('0925e5b38ac142258bff93335362a693','834770ed18224216b5bfe94574e60d35','0,1,97031d004c8941f4acb3a6b03f78c3c8,834770ed18224216b5bfe94574e60d35,','决策管理',150,'/sysstr/eamAaStrategy',null,null,'1','sysstr:eamAaStrategy:view,sysstr:eamAaStrategy:edit','1',to_timestamp('24-12月-15 02.08.42.359000000 下午','DD-MON-RR HH.MI.SSXFF AM'),'1',to_timestamp('24-12月-15 02.08.42.359000000 下午','DD-MON-RR HH.MI.SSXFF AM'),null,'0');
INSERT INTO SYS_MENU (ID,PARENT_ID,PARENT_IDS,NAME,SORT,HREF,TARGET,ICON,IS_SHOW,PERMISSION,CREATE_BY,CREATE_DATE,UPDATE_BY,UPDATE_DATE,REMARKS,DEL_FLAG) values ('2e2f95c68a5c418fb79537598e17a0d2','834770ed18224216b5bfe94574e60d35','0,1,97031d004c8941f4acb3a6b03f78c3c8,834770ed18224216b5bfe94574e60d35,','系统模块管理',60,'/sysmdl/eamSystemModule',null,null,'1','sysmdl:eamSystemModule:view,sysmdl:eamSystemModule:edit','1',to_timestamp('22-12月-15 04.28.00.851000000 下午','DD-MON-RR HH.MI.SSXFF AM'),'1',to_timestamp('22-12月-15 04.33.06.892000000 下午','DD-MON-RR HH.MI.SSXFF AM'),null,'0');

--字典
INSERT INTO SYS_DICT (ID,VALUE,LABEL,TYPE,DESCRIPTION,SORT,PARENT_ID,CREATE_BY,CREATE_DATE,UPDATE_BY,UPDATE_DATE,REMARKS,DEL_FLAG) values ('41f2fcfa2c16431f8aee98dc1eba6043','2','外包','eam_sys_build_type','建设类型',20,'0','1',to_timestamp('23-12月-15 09.13.47.083000000 下午','DD-MON-RR HH.MI.SSXFF AM'),'1',to_timestamp('24-12月-15 11.24.54.877000000 上午','DD-MON-RR HH.MI.SSXFF AM'),null,'0');
INSERT INTO SYS_DICT (ID,VALUE,LABEL,TYPE,DESCRIPTION,SORT,PARENT_ID,CREATE_BY,CREATE_DATE,UPDATE_BY,UPDATE_DATE,REMARKS,DEL_FLAG) values ('fef652160a794a669864dff61b188506','2','总行','eam_bank','银行名称',20,'0','1',to_timestamp('24-12月-15 10.17.53.994000000 上午','DD-MON-RR HH.MI.SSXFF AM'),'1',to_timestamp('24-12月-15 10.18.16.569000000 上午','DD-MON-RR HH.MI.SSXFF AM'),null,'0');
INSERT INTO SYS_DICT (ID,VALUE,LABEL,TYPE,DESCRIPTION,SORT,PARENT_ID,CREATE_BY,CREATE_DATE,UPDATE_BY,UPDATE_DATE,REMARKS,DEL_FLAG) values ('c966540b7b0541ac958c9e9c306258c9','1','投产','eam_sys_build_state','系统建设状态',10,'0','1',to_timestamp('24-12月-15 10.19.52.956000000 上午','DD-MON-RR HH.MI.SSXFF AM'),'1',to_timestamp('24-12月-15 11.25.44.438000000 上午','DD-MON-RR HH.MI.SSXFF AM'),null,'0');
INSERT INTO SYS_DICT (ID,VALUE,LABEL,TYPE,DESCRIPTION,SORT,PARENT_ID,CREATE_BY,CREATE_DATE,UPDATE_BY,UPDATE_DATE,REMARKS,DEL_FLAG) values ('7f26ccef6d7b4cddb0c62954ebe28a30','2','测试','eam_sys_build_state','系统建设状态',20,'0','1',to_timestamp('24-12月-15 10.20.15.696000000 上午','DD-MON-RR HH.MI.SSXFF AM'),'1',to_timestamp('24-12月-15 11.25.53.682000000 上午','DD-MON-RR HH.MI.SSXFF AM'),null,'0');
INSERT INTO SYS_DICT (ID,VALUE,LABEL,TYPE,DESCRIPTION,SORT,PARENT_ID,CREATE_BY,CREATE_DATE,UPDATE_BY,UPDATE_DATE,REMARKS,DEL_FLAG) values ('ecfc92b0909842cf895bc3eb730edf71','1','系统未来走向1','eam_sys_trend','系统未来走向',10,'0','1',to_timestamp('24-12月-15 10.21.33.930000000 上午','DD-MON-RR HH.MI.SSXFF AM'),'1',to_timestamp('24-12月-15 10.21.33.930000000 上午','DD-MON-RR HH.MI.SSXFF AM'),null,'0');
INSERT INTO SYS_DICT (ID,VALUE,LABEL,TYPE,DESCRIPTION,SORT,PARENT_ID,CREATE_BY,CREATE_DATE,UPDATE_BY,UPDATE_DATE,REMARKS,DEL_FLAG) values ('6393099d5d05468994b7e361fb699f5e','1','自建','eam_sys_build_type','建设类型',10,'0','1',to_timestamp('23-12月-15 09.13.25.051000000 下午','DD-MON-RR HH.MI.SSXFF AM'),'1',to_timestamp('24-12月-15 11.24.46.700000000 上午','DD-MON-RR HH.MI.SSXFF AM'),null,'0');
INSERT INTO SYS_DICT (ID,VALUE,LABEL,TYPE,DESCRIPTION,SORT,PARENT_ID,CREATE_BY,CREATE_DATE,UPDATE_BY,UPDATE_DATE,REMARKS,DEL_FLAG) values ('99f0e89fd3dc40e29c9e600744dc962f','1','村镇银行','eam_bank','银行名称',10,'0','1',to_timestamp('24-12月-15 10.15.44.776000000 上午','DD-MON-RR HH.MI.SSXFF AM'),'1',to_timestamp('24-12月-15 10.16.54.077000000 上午','DD-MON-RR HH.MI.SSXFF AM'),null,'0');
