--------------------------------------------------------
--  文件已创建 - 星期四-十二月-24-2015   
--------------------------------------------------------
--------------------------------------------------------
--  DDL for Table EAM_FLOW_CTL_ALG
--------------------------------------------------------
DROP TABLE EAM_FLOW_CTL_ALG;

  CREATE TABLE "EAM_FLOW_CTL_ALG" 
   (	"ID" VARCHAR2(40), 
	"NAME" VARCHAR2(255), 
	"CHINESE_NAME" VARCHAR2(255), 
	"UPDATE_BY" VARCHAR2(64), 
	"UPDATE_DATE" TIMESTAMP (6), 
	"CREATE_DATE" TIMESTAMP (6), 
	"CREATE_BY" VARCHAR2(64), 
	"REMARKS" VARCHAR2(255), 
	"DEL_FLG" CHAR(1)
   ) ;
 

   COMMENT ON COLUMN "EAM_FLOW_CTL_ALG"."ID" IS 'UUID';
 
   COMMENT ON COLUMN "EAM_FLOW_CTL_ALG"."NAME" IS '流控名称';
 
   COMMENT ON COLUMN "EAM_FLOW_CTL_ALG"."CHINESE_NAME" IS '中文名称';
 
   COMMENT ON COLUMN "EAM_FLOW_CTL_ALG"."UPDATE_BY" IS '更新者';
 
   COMMENT ON COLUMN "EAM_FLOW_CTL_ALG"."UPDATE_DATE" IS '更新时间';
 
   COMMENT ON COLUMN "EAM_FLOW_CTL_ALG"."CREATE_DATE" IS '创建时间';
 
   COMMENT ON COLUMN "EAM_FLOW_CTL_ALG"."CREATE_BY" IS '创建者';
 
   COMMENT ON COLUMN "EAM_FLOW_CTL_ALG"."REMARKS" IS '备注信息';
 
   COMMENT ON COLUMN "EAM_FLOW_CTL_ALG"."DEL_FLG" IS '删除标记';
 
   COMMENT ON TABLE "EAM_FLOW_CTL_ALG"  IS '流控算法管理';
--------------------------------------------------------
--  DDL for Table EAM_LOG_TYPE
--------------------------------------------------------
DROP TABLE EAM_LOG_TYPE;


  CREATE TABLE "EAM_LOG_TYPE" 
   (	"ID" VARCHAR2(40), 
	"NAME" VARCHAR2(255), 
	"CHINESE_NAME" VARCHAR2(255), 
	"LOG_RANGE" VARCHAR2(255), 
	"LOG_CLEAN_TYPE" VARCHAR2(255), 
	"UPDATE_BY" VARCHAR2(64), 
	"UPDATE_DATE" TIMESTAMP (6), 
	"CREATE_DATE" TIMESTAMP (6), 
	"CREATE_BY" VARCHAR2(64), 
	"REMARKS" VARCHAR2(255), 
	"DEL_FLG" CHAR(1)
   ) ;
 

   COMMENT ON COLUMN "EAM_LOG_TYPE"."ID" IS 'UUID';
 
   COMMENT ON COLUMN "EAM_LOG_TYPE"."NAME" IS '日志名称';
 
   COMMENT ON COLUMN "EAM_LOG_TYPE"."CHINESE_NAME" IS '日志简称';
 
   COMMENT ON COLUMN "EAM_LOG_TYPE"."LOG_RANGE" IS '日志级别';
 
   COMMENT ON COLUMN "EAM_LOG_TYPE"."LOG_CLEAN_TYPE" IS '日志清理规则';
 
   COMMENT ON COLUMN "EAM_LOG_TYPE"."UPDATE_BY" IS '更新者';
 
   COMMENT ON COLUMN "EAM_LOG_TYPE"."UPDATE_DATE" IS '更新时间';
 
   COMMENT ON COLUMN "EAM_LOG_TYPE"."CREATE_DATE" IS '创建时间';
 
   COMMENT ON COLUMN "EAM_LOG_TYPE"."CREATE_BY" IS '创建者';
 
   COMMENT ON COLUMN "EAM_LOG_TYPE"."REMARKS" IS '备注信息';
 
   COMMENT ON COLUMN "EAM_LOG_TYPE"."DEL_FLG" IS '删除标记';
 
   COMMENT ON TABLE "EAM_LOG_TYPE"  IS '流水日志管理';
--------------------------------------------------------
--  DDL for Table EAM_PROTOCOL
--------------------------------------------------------
DROP TABLE EAM_PROTOCOL;

  CREATE TABLE "EAM_PROTOCOL" 
   (	"ID" VARCHAR2(40), 
	"NAME" VARCHAR2(255), 
	"CHINESE_NAME" VARCHAR2(255), 
	"UPDATE_BY" VARCHAR2(64), 
	"UPDATE_DATE" TIMESTAMP (6), 
	"CREATE_DATE" TIMESTAMP (6), 
	"CREATE_BY" VARCHAR2(64), 
	"REMARKS" VARCHAR2(255), 
	"DEL_FLG" CHAR(1), 
	"ADDRESS" VARCHAR2(40), 
	"LINK_TYPE" VARCHAR2(40), 
	"MAXPACKAGE" VARCHAR2(40)
   ) ;
 

   COMMENT ON COLUMN "EAM_PROTOCOL"."ID" IS 'UUID';
 
   COMMENT ON COLUMN "EAM_PROTOCOL"."NAME" IS '协议名称';
 
   COMMENT ON COLUMN "EAM_PROTOCOL"."CHINESE_NAME" IS '中文名称';
 
   COMMENT ON COLUMN "EAM_PROTOCOL"."UPDATE_BY" IS '更新者';
 
   COMMENT ON COLUMN "EAM_PROTOCOL"."UPDATE_DATE" IS '更新时间';
 
   COMMENT ON COLUMN "EAM_PROTOCOL"."CREATE_DATE" IS '创建时间';
 
   COMMENT ON COLUMN "EAM_PROTOCOL"."CREATE_BY" IS '创建者';
 
   COMMENT ON COLUMN "EAM_PROTOCOL"."REMARKS" IS '备注信息';
 
   COMMENT ON COLUMN "EAM_PROTOCOL"."DEL_FLG" IS '删除标记';
 
   COMMENT ON COLUMN "EAM_PROTOCOL"."ADDRESS" IS '访问地址';
 
   COMMENT ON COLUMN "EAM_PROTOCOL"."LINK_TYPE" IS '链接类型';
 
   COMMENT ON COLUMN "EAM_PROTOCOL"."MAXPACKAGE" IS '最大包长度';
 
   COMMENT ON TABLE "EAM_PROTOCOL"  IS '通讯协议表';
--------------------------------------------------------
--  DDL for Table EAM_ROUTE_ALG
--------------------------------------------------------
DROP TABLE EAM_ROUTE_ALG;

  CREATE TABLE "EAM_ROUTE_ALG" 
   (	"ID" VARCHAR2(40), 
	"NAME" VARCHAR2(255), 
	"CHINESE_NAME" VARCHAR2(255), 
	"ROUTE_BASIS" VARCHAR2(255), 
	"RTABLE_MAINTAIN" VARCHAR2(255), 
	"RTABLE_STORE" VARCHAR2(255), 
	"UPDATE_BY" VARCHAR2(64), 
	"UPDATE_DATE" TIMESTAMP (6), 
	"CREATE_DATE" TIMESTAMP (6), 
	"CREATE_BY" VARCHAR2(64), 
	"REMARKS" VARCHAR2(255), 
	"DEL_FLG" CHAR(1)
   ) ;
 

   COMMENT ON COLUMN "EAM_ROUTE_ALG"."ID" IS 'UUID';
 
   COMMENT ON COLUMN "EAM_ROUTE_ALG"."NAME" IS '路由名称';
 
   COMMENT ON COLUMN "EAM_ROUTE_ALG"."CHINESE_NAME" IS '路由简称';
 
   COMMENT ON COLUMN "EAM_ROUTE_ALG"."ROUTE_BASIS" IS '基础路由';
 
   COMMENT ON COLUMN "EAM_ROUTE_ALG"."RTABLE_MAINTAIN" IS 'RTABLE_MAINTAIN';
 
   COMMENT ON COLUMN "EAM_ROUTE_ALG"."RTABLE_STORE" IS 'RTABLE_STORE';
 
   COMMENT ON COLUMN "EAM_ROUTE_ALG"."UPDATE_BY" IS '更新者';
 
   COMMENT ON COLUMN "EAM_ROUTE_ALG"."UPDATE_DATE" IS '更新时间';
 
   COMMENT ON COLUMN "EAM_ROUTE_ALG"."CREATE_DATE" IS '创建时间';
 
   COMMENT ON COLUMN "EAM_ROUTE_ALG"."CREATE_BY" IS '创建者';
 
   COMMENT ON COLUMN "EAM_ROUTE_ALG"."REMARKS" IS '备注信息';
 
   COMMENT ON COLUMN "EAM_ROUTE_ALG"."DEL_FLG" IS '删除标记';
 
   COMMENT ON TABLE "EAM_ROUTE_ALG"  IS '交易路由表';
--------------------------------------------------------
--  DDL for Table EAM_TIMEOUT_ALG
--------------------------------------------------------
DROP TABLE EAM_TIMEOUT_ALG;

  CREATE TABLE "EAM_TIMEOUT_ALG" 
   (	"ID" VARCHAR2(40), 
	"NAME" VARCHAR2(255), 
	"CHINESE_NAME" VARCHAR2(255), 
	"UPDATE_BY" VARCHAR2(64), 
	"UPDATE_DATE" TIMESTAMP (6), 
	"CREATE_DATE" TIMESTAMP (6), 
	"CREATE_BY" VARCHAR2(64), 
	"REMARKS" VARCHAR2(255), 
	"DEL_FLG" CHAR(1)
   ) ;
 

   COMMENT ON COLUMN "EAM_TIMEOUT_ALG"."ID" IS 'UUID';
 
   COMMENT ON COLUMN "EAM_TIMEOUT_ALG"."NAME" IS '名称';
 
   COMMENT ON COLUMN "EAM_TIMEOUT_ALG"."CHINESE_NAME" IS '中文名称';
 
   COMMENT ON COLUMN "EAM_TIMEOUT_ALG"."UPDATE_BY" IS '更新者';
 
   COMMENT ON COLUMN "EAM_TIMEOUT_ALG"."UPDATE_DATE" IS '更新时间';
 
   COMMENT ON COLUMN "EAM_TIMEOUT_ALG"."CREATE_DATE" IS '创建时间';
 
   COMMENT ON COLUMN "EAM_TIMEOUT_ALG"."CREATE_BY" IS '创建者';
 
   COMMENT ON COLUMN "EAM_TIMEOUT_ALG"."REMARKS" IS '备注信息';
 
   COMMENT ON COLUMN "EAM_TIMEOUT_ALG"."DEL_FLG" IS '删除标记';
 
   COMMENT ON TABLE "EAM_TIMEOUT_ALG"  IS '超时时间算法';
--------------------------------------------------------
--  Constraints for Table EAM_FLOW_CTL_ALG
--------------------------------------------------------

  ALTER TABLE "EAM_FLOW_CTL_ALG" ADD PRIMARY KEY ("ID") ENABLE;
 
  ALTER TABLE "EAM_FLOW_CTL_ALG" MODIFY ("NAME" NOT NULL ENABLE);
--------------------------------------------------------
--  Constraints for Table EAM_LOG_TYPE
--------------------------------------------------------

  ALTER TABLE "EAM_LOG_TYPE" ADD PRIMARY KEY ("ID") ENABLE;
--------------------------------------------------------
--  Constraints for Table EAM_PROTOCOL
--------------------------------------------------------

  ALTER TABLE "EAM_PROTOCOL" MODIFY ("ID" NOT NULL ENABLE);
 
  ALTER TABLE "EAM_PROTOCOL" MODIFY ("NAME" NOT NULL ENABLE);
 
  ALTER TABLE "EAM_PROTOCOL" ADD PRIMARY KEY ("ID") ENABLE;
--------------------------------------------------------
--  Constraints for Table EAM_ROUTE_ALG
--------------------------------------------------------

  ALTER TABLE "EAM_ROUTE_ALG" MODIFY ("ID" NOT NULL ENABLE);
 
  ALTER TABLE "EAM_ROUTE_ALG" MODIFY ("NAME" NOT NULL ENABLE);
--------------------------------------------------------
--  Constraints for Table EAM_TIMEOUT_ALG
--------------------------------------------------------

  ALTER TABLE "EAM_TIMEOUT_ALG" MODIFY ("ID" NOT NULL ENABLE);
 
  ALTER TABLE "EAM_TIMEOUT_ALG" MODIFY ("NAME" NOT NULL ENABLE);
 
  ALTER TABLE "EAM_TIMEOUT_ALG" ADD PRIMARY KEY ("ID") ENABLE;

Insert into GEN_SCHEME (ID,NAME,CATEGORY,PACKAGE_NAME,MODULE_NAME,SUB_MODULE_NAME,FUNCTION_NAME,FUNCTION_NAME_SIMPLE,FUNCTION_AUTHOR,GEN_TABLE_ID,CREATE_BY,CREATE_DATE,UPDATE_BY,UPDATE_DATE,REMARKS,DEL_FLAG) values ('4baa7bce8c5d4340a4b7b18f42c642c4','协议管理','curd','com.dc.smartmodules','protocol',null,'通讯协议管理','协议管理','kern','d774846f8d2442a0bc5ba8f5aca70691','1',to_timestamp('24-12月-15 11.59.07.059000000 上午','DD-MON-RR HH.MI.SSXFF AM'),'1',to_timestamp('24-12月-15 12.16.41.048000000 下午','DD-MON-RR HH.MI.SSXFF AM'),null,'0');
Insert into GEN_SCHEME (ID,NAME,CATEGORY,PACKAGE_NAME,MODULE_NAME,SUB_MODULE_NAME,FUNCTION_NAME,FUNCTION_NAME_SIMPLE,FUNCTION_AUTHOR,GEN_TABLE_ID,CREATE_BY,CREATE_DATE,UPDATE_BY,UPDATE_DATE,REMARKS,DEL_FLAG) values ('0b51ced79a2b4c2aaa6163ae0ab2daef','流控算法管理','curd','com.dc.smartmodules','flow',null,'流控算法管理模块','流控算法管理模块','kern','65e1d6ccf36e4cd096cd2464dfd81b9d','1',to_timestamp('24-12月-15 12.19.09.381000000 下午','DD-MON-RR HH.MI.SSXFF AM'),'1',to_timestamp('24-12月-15 12.19.09.381000000 下午','DD-MON-RR HH.MI.SSXFF AM'),null,'0');
Insert into GEN_SCHEME (ID,NAME,CATEGORY,PACKAGE_NAME,MODULE_NAME,SUB_MODULE_NAME,FUNCTION_NAME,FUNCTION_NAME_SIMPLE,FUNCTION_AUTHOR,GEN_TABLE_ID,CREATE_BY,CREATE_DATE,UPDATE_BY,UPDATE_DATE,REMARKS,DEL_FLAG) values ('c78f691a0d414be59751f3bfee0c51d4','超时时间算法管理','curd','com.dc.smartmodules','timeout',null,'超时时间管理','超时时间管理','kern','538a982798344c34b53cc8d55c4291cc','1',to_timestamp('24-12月-15 12.19.46.642000000 下午','DD-MON-RR HH.MI.SSXFF AM'),'1',to_timestamp('24-12月-15 12.24.50.049000000 下午','DD-MON-RR HH.MI.SSXFF AM'),null,'0');
Insert into GEN_SCHEME (ID,NAME,CATEGORY,PACKAGE_NAME,MODULE_NAME,SUB_MODULE_NAME,FUNCTION_NAME,FUNCTION_NAME_SIMPLE,FUNCTION_AUTHOR,GEN_TABLE_ID,CREATE_BY,CREATE_DATE,UPDATE_BY,UPDATE_DATE,REMARKS,DEL_FLAG) values ('22ea2d5a241a41e9bef18db9cd300cce','交易路由','curd','com.dc.smartmodules','route',null,'交易路由','交易路由','kern','53ad47337c5941edbd82b7b4e56770bc','1',to_timestamp('24-12月-15 12.52.46.284000000 下午','DD-MON-RR HH.MI.SSXFF AM'),'1',to_timestamp('24-12月-15 12.52.46.284000000 下午','DD-MON-RR HH.MI.SSXFF AM'),null,'0');
Insert into GEN_SCHEME (ID,NAME,CATEGORY,PACKAGE_NAME,MODULE_NAME,SUB_MODULE_NAME,FUNCTION_NAME,FUNCTION_NAME_SIMPLE,FUNCTION_AUTHOR,GEN_TABLE_ID,CREATE_BY,CREATE_DATE,UPDATE_BY,UPDATE_DATE,REMARKS,DEL_FLAG) values ('f0272b3c56c94449af57c0888ef796cc','流水日志','curd','com.dc.smartmodules','log',null,'流水日志','流水日志','kern','4e1d5cf2ca134feb870ea2774ccee896','1',to_timestamp('24-12月-15 12.53.25.995000000 下午','DD-MON-RR HH.MI.SSXFF AM'),'1',to_timestamp('24-12月-15 12.53.35.015000000 下午','DD-MON-RR HH.MI.SSXFF AM'),null,'0');

Insert into GEN_TABLE (ID,NAME,COMMENTS,CLASS_NAME,PARENT_TABLE,PARENT_TABLE_FK,CREATE_BY,CREATE_DATE,UPDATE_BY,UPDATE_DATE,REMARKS,DEL_FLAG) values ('d774846f8d2442a0bc5ba8f5aca70691','eam_protocol','通讯协议表','EamProtocol',null,null,'1',to_timestamp('24-12月-15 11.49.33.514000000 上午','DD-MON-RR HH.MI.SSXFF AM'),'1',to_timestamp('24-12月-15 12.14.56.568000000 下午','DD-MON-RR HH.MI.SSXFF AM'),null,'0');
Insert into GEN_TABLE (ID,NAME,COMMENTS,CLASS_NAME,PARENT_TABLE,PARENT_TABLE_FK,CREATE_BY,CREATE_DATE,UPDATE_BY,UPDATE_DATE,REMARKS,DEL_FLAG) values ('65e1d6ccf36e4cd096cd2464dfd81b9d','eam_flow_ctl_alg','流控算法管理','EamFlowCtlAlg',null,null,'1',to_timestamp('24-12月-15 12.18.12.820000000 下午','DD-MON-RR HH.MI.SSXFF AM'),'1',to_timestamp('24-12月-15 12.18.12.820000000 下午','DD-MON-RR HH.MI.SSXFF AM'),null,'0');
Insert into GEN_TABLE (ID,NAME,COMMENTS,CLASS_NAME,PARENT_TABLE,PARENT_TABLE_FK,CREATE_BY,CREATE_DATE,UPDATE_BY,UPDATE_DATE,REMARKS,DEL_FLAG) values ('538a982798344c34b53cc8d55c4291cc','eam_timeout_alg','超时时间算法','EamTimeoutAlg',null,null,'1',to_timestamp('24-12月-15 12.18.37.956000000 下午','DD-MON-RR HH.MI.SSXFF AM'),'1',to_timestamp('24-12月-15 12.24.37.455000000 下午','DD-MON-RR HH.MI.SSXFF AM'),null,'0');
Insert into GEN_TABLE (ID,NAME,COMMENTS,CLASS_NAME,PARENT_TABLE,PARENT_TABLE_FK,CREATE_BY,CREATE_DATE,UPDATE_BY,UPDATE_DATE,REMARKS,DEL_FLAG) values ('53ad47337c5941edbd82b7b4e56770bc','eam_route_alg','交易路由表','EamRouteAlg',null,null,'1',to_timestamp('24-12月-15 12.51.36.477000000 下午','DD-MON-RR HH.MI.SSXFF AM'),'1',to_timestamp('24-12月-15 12.51.36.477000000 下午','DD-MON-RR HH.MI.SSXFF AM'),null,'0');
Insert into GEN_TABLE (ID,NAME,COMMENTS,CLASS_NAME,PARENT_TABLE,PARENT_TABLE_FK,CREATE_BY,CREATE_DATE,UPDATE_BY,UPDATE_DATE,REMARKS,DEL_FLAG) values ('4e1d5cf2ca134feb870ea2774ccee896','eam_log_type','流水日志管理','EamLogType',null,null,'1',to_timestamp('24-12月-15 12.51.49.769000000 下午','DD-MON-RR HH.MI.SSXFF AM'),'1',to_timestamp('24-12月-15 12.51.49.769000000 下午','DD-MON-RR HH.MI.SSXFF AM'),null,'0');

Insert into EAM.GEN_TABLE_COLUMN (ID,GEN_TABLE_ID,NAME,COMMENTS,JDBC_TYPE,JAVA_TYPE,JAVA_FIELD,IS_PK,IS_NULL,IS_INSERT,IS_EDIT,IS_LIST,IS_QUERY,QUERY_TYPE,SHOW_TYPE,DICT_TYPE,SETTINGS,SORT,CREATE_BY,CREATE_DATE,UPDATE_BY,UPDATE_DATE,REMARKS,DEL_FLAG) values ('80e625610fdb4676900e6966e94e1c0a','d774846f8d2442a0bc5ba8f5aca70691','id','UUID','varchar2(40)','String','id','1','0','1','0','0','0','=','input',null,null,10,'1',to_timestamp('24-12月-15 11.49.33.516000000 上午','DD-MON-RR HH.MI.SSXFF AM'),'1',to_timestamp('25-12月-15 12.27.52.987000000 下午','DD-MON-RR HH.MI.SSXFF AM'),null,'0');
Insert into EAM.GEN_TABLE_COLUMN (ID,GEN_TABLE_ID,NAME,COMMENTS,JDBC_TYPE,JAVA_TYPE,JAVA_FIELD,IS_PK,IS_NULL,IS_INSERT,IS_EDIT,IS_LIST,IS_QUERY,QUERY_TYPE,SHOW_TYPE,DICT_TYPE,SETTINGS,SORT,CREATE_BY,CREATE_DATE,UPDATE_BY,UPDATE_DATE,REMARKS,DEL_FLAG) values ('2b2575248f934c5193525c8e0a4e541c','d774846f8d2442a0bc5ba8f5aca70691','name','协议名称','varchar2(255)','String','name','0','0','1','1','1','1','like','input',null,null,20,'1',to_timestamp('24-12月-15 11.49.33.522000000 上午','DD-MON-RR HH.MI.SSXFF AM'),'1',to_timestamp('25-12月-15 12.27.52.989000000 下午','DD-MON-RR HH.MI.SSXFF AM'),null,'0');
Insert into EAM.GEN_TABLE_COLUMN (ID,GEN_TABLE_ID,NAME,COMMENTS,JDBC_TYPE,JAVA_TYPE,JAVA_FIELD,IS_PK,IS_NULL,IS_INSERT,IS_EDIT,IS_LIST,IS_QUERY,QUERY_TYPE,SHOW_TYPE,DICT_TYPE,SETTINGS,SORT,CREATE_BY,CREATE_DATE,UPDATE_BY,UPDATE_DATE,REMARKS,DEL_FLAG) values ('1f45bebee46f4b06bbd062cfda4c1ecb','d774846f8d2442a0bc5ba8f5aca70691','chinese_name','中文名称','varchar2(255)','String','chineseName','0','1','1','1','1','1','like','input',null,null,30,'1',to_timestamp('24-12月-15 11.49.33.525000000 上午','DD-MON-RR HH.MI.SSXFF AM'),'1',to_timestamp('25-12月-15 12.27.52.991000000 下午','DD-MON-RR HH.MI.SSXFF AM'),null,'0');
Insert into EAM.GEN_TABLE_COLUMN (ID,GEN_TABLE_ID,NAME,COMMENTS,JDBC_TYPE,JAVA_TYPE,JAVA_FIELD,IS_PK,IS_NULL,IS_INSERT,IS_EDIT,IS_LIST,IS_QUERY,QUERY_TYPE,SHOW_TYPE,DICT_TYPE,SETTINGS,SORT,CREATE_BY,CREATE_DATE,UPDATE_BY,UPDATE_DATE,REMARKS,DEL_FLAG) values ('9c71629f029b41768e690c84f71a20db','d774846f8d2442a0bc5ba8f5aca70691','update_by','更新者','varchar2(64)','com.dc.smarteam.modules.sys.entity.User','updateBy.id','0','1','1','1','0','0','=','input',null,null,40,'1',to_timestamp('24-12月-15 11.49.33.528000000 上午','DD-MON-RR HH.MI.SSXFF AM'),'1',to_timestamp('25-12月-15 12.27.52.993000000 下午','DD-MON-RR HH.MI.SSXFF AM'),null,'0');
Insert into EAM.GEN_TABLE_COLUMN (ID,GEN_TABLE_ID,NAME,COMMENTS,JDBC_TYPE,JAVA_TYPE,JAVA_FIELD,IS_PK,IS_NULL,IS_INSERT,IS_EDIT,IS_LIST,IS_QUERY,QUERY_TYPE,SHOW_TYPE,DICT_TYPE,SETTINGS,SORT,CREATE_BY,CREATE_DATE,UPDATE_BY,UPDATE_DATE,REMARKS,DEL_FLAG) values ('46b00a8b851f403482596fbd0c54a012','d774846f8d2442a0bc5ba8f5aca70691','update_date','更新时间','timestamp(6)','java.util.Date','updateDate','0','1','1','1','1','0','=','dateselect',null,null,50,'1',to_timestamp('24-12月-15 11.49.33.531000000 上午','DD-MON-RR HH.MI.SSXFF AM'),'1',to_timestamp('25-12月-15 12.27.52.995000000 下午','DD-MON-RR HH.MI.SSXFF AM'),null,'0');
Insert into EAM.GEN_TABLE_COLUMN (ID,GEN_TABLE_ID,NAME,COMMENTS,JDBC_TYPE,JAVA_TYPE,JAVA_FIELD,IS_PK,IS_NULL,IS_INSERT,IS_EDIT,IS_LIST,IS_QUERY,QUERY_TYPE,SHOW_TYPE,DICT_TYPE,SETTINGS,SORT,CREATE_BY,CREATE_DATE,UPDATE_BY,UPDATE_DATE,REMARKS,DEL_FLAG) values ('21e1cc523eca442794dd7de7d648c8e6','d774846f8d2442a0bc5ba8f5aca70691','create_date','创建时间','timestamp(6)','java.util.Date','createDate','0','1','1','0','0','0','=','dateselect',null,null,60,'1',to_timestamp('24-12月-15 11.49.33.536000000 上午','DD-MON-RR HH.MI.SSXFF AM'),'1',to_timestamp('25-12月-15 12.27.52.997000000 下午','DD-MON-RR HH.MI.SSXFF AM'),null,'0');
Insert into EAM.GEN_TABLE_COLUMN (ID,GEN_TABLE_ID,NAME,COMMENTS,JDBC_TYPE,JAVA_TYPE,JAVA_FIELD,IS_PK,IS_NULL,IS_INSERT,IS_EDIT,IS_LIST,IS_QUERY,QUERY_TYPE,SHOW_TYPE,DICT_TYPE,SETTINGS,SORT,CREATE_BY,CREATE_DATE,UPDATE_BY,UPDATE_DATE,REMARKS,DEL_FLAG) values ('752d683765c746d5a2571bcc466e6adf','d774846f8d2442a0bc5ba8f5aca70691','create_by','创建者','varchar2(64)','com.dc.smarteam.modules.sys.entity.User','createBy.id','0','1','1','0','0','0','=','input',null,null,70,'1',to_timestamp('24-12月-15 11.49.33.540000000 上午','DD-MON-RR HH.MI.SSXFF AM'),'1',to_timestamp('25-12月-15 12.27.52.999000000 下午','DD-MON-RR HH.MI.SSXFF AM'),null,'0');
Insert into EAM.GEN_TABLE_COLUMN (ID,GEN_TABLE_ID,NAME,COMMENTS,JDBC_TYPE,JAVA_TYPE,JAVA_FIELD,IS_PK,IS_NULL,IS_INSERT,IS_EDIT,IS_LIST,IS_QUERY,QUERY_TYPE,SHOW_TYPE,DICT_TYPE,SETTINGS,SORT,CREATE_BY,CREATE_DATE,UPDATE_BY,UPDATE_DATE,REMARKS,DEL_FLAG) values ('7a19587c519e40338898f949383eeb79','d774846f8d2442a0bc5ba8f5aca70691','remarks','备注信息','varchar2(255)','String','remarks','0','1','1','1','1','0','=','textarea',null,null,80,'1',to_timestamp('24-12月-15 11.49.33.544000000 上午','DD-MON-RR HH.MI.SSXFF AM'),'1',to_timestamp('25-12月-15 12.27.53.001000000 下午','DD-MON-RR HH.MI.SSXFF AM'),null,'0');
Insert into EAM.GEN_TABLE_COLUMN (ID,GEN_TABLE_ID,NAME,COMMENTS,JDBC_TYPE,JAVA_TYPE,JAVA_FIELD,IS_PK,IS_NULL,IS_INSERT,IS_EDIT,IS_LIST,IS_QUERY,QUERY_TYPE,SHOW_TYPE,DICT_TYPE,SETTINGS,SORT,CREATE_BY,CREATE_DATE,UPDATE_BY,UPDATE_DATE,REMARKS,DEL_FLAG) values ('bfedfc11e70b4f80936c8fdbd40ea1c4','d774846f8d2442a0bc5ba8f5aca70691','del_flg','删除标记','char(1)','String','delFlg','0','1','1','1','0','0','=','input',null,null,90,'1',to_timestamp('24-12月-15 11.49.33.547000000 上午','DD-MON-RR HH.MI.SSXFF AM'),'1',to_timestamp('25-12月-15 12.27.53.004000000 下午','DD-MON-RR HH.MI.SSXFF AM'),null,'0');
Insert into EAM.GEN_TABLE_COLUMN (ID,GEN_TABLE_ID,NAME,COMMENTS,JDBC_TYPE,JAVA_TYPE,JAVA_FIELD,IS_PK,IS_NULL,IS_INSERT,IS_EDIT,IS_LIST,IS_QUERY,QUERY_TYPE,SHOW_TYPE,DICT_TYPE,SETTINGS,SORT,CREATE_BY,CREATE_DATE,UPDATE_BY,UPDATE_DATE,REMARKS,DEL_FLAG) values ('aba26588a77143c6bf231ae28ccf8f66','d774846f8d2442a0bc5ba8f5aca70691','address','访问地址','varchar2(40)','String','address','0','1','1','1','1','0','=','input',null,null,100,'1',to_timestamp('24-12月-15 11.49.33.550000000 上午','DD-MON-RR HH.MI.SSXFF AM'),'1',to_timestamp('25-12月-15 12.27.53.006000000 下午','DD-MON-RR HH.MI.SSXFF AM'),null,'0');
Insert into EAM.GEN_TABLE_COLUMN (ID,GEN_TABLE_ID,NAME,COMMENTS,JDBC_TYPE,JAVA_TYPE,JAVA_FIELD,IS_PK,IS_NULL,IS_INSERT,IS_EDIT,IS_LIST,IS_QUERY,QUERY_TYPE,SHOW_TYPE,DICT_TYPE,SETTINGS,SORT,CREATE_BY,CREATE_DATE,UPDATE_BY,UPDATE_DATE,REMARKS,DEL_FLAG) values ('18f3e29a64f6453ab495c55ca6cead12','d774846f8d2442a0bc5ba8f5aca70691','link_type','链接类型','varchar2(40)','String','linkType','0','1','1','1','1','0','=','input',null,null,110,'1',to_timestamp('24-12月-15 11.49.33.555000000 上午','DD-MON-RR HH.MI.SSXFF AM'),'1',to_timestamp('25-12月-15 12.27.53.009000000 下午','DD-MON-RR HH.MI.SSXFF AM'),null,'0');
Insert into EAM.GEN_TABLE_COLUMN (ID,GEN_TABLE_ID,NAME,COMMENTS,JDBC_TYPE,JAVA_TYPE,JAVA_FIELD,IS_PK,IS_NULL,IS_INSERT,IS_EDIT,IS_LIST,IS_QUERY,QUERY_TYPE,SHOW_TYPE,DICT_TYPE,SETTINGS,SORT,CREATE_BY,CREATE_DATE,UPDATE_BY,UPDATE_DATE,REMARKS,DEL_FLAG) values ('ee53d622948b4952b75eb6fd717529be','d774846f8d2442a0bc5ba8f5aca70691','maxpackage','最大包长度','varchar2(40)','String','maxpackage','0','1','1','1','1','0','=','input',null,null,120,'1',to_timestamp('24-12月-15 11.49.33.559000000 上午','DD-MON-RR HH.MI.SSXFF AM'),'1',to_timestamp('25-12月-15 12.27.53.012000000 下午','DD-MON-RR HH.MI.SSXFF AM'),null,'0');
Insert into EAM.GEN_TABLE_COLUMN (ID,GEN_TABLE_ID,NAME,COMMENTS,JDBC_TYPE,JAVA_TYPE,JAVA_FIELD,IS_PK,IS_NULL,IS_INSERT,IS_EDIT,IS_LIST,IS_QUERY,QUERY_TYPE,SHOW_TYPE,DICT_TYPE,SETTINGS,SORT,CREATE_BY,CREATE_DATE,UPDATE_BY,UPDATE_DATE,REMARKS,DEL_FLAG) values ('6d1091b70ed54da49f12a3fe44694e4e','65e1d6ccf36e4cd096cd2464dfd81b9d','id','UUID','varchar2(40)','String','id','1','0','1','0','0','0','=','input',null,null,10,'1',to_timestamp('24-12月-15 12.18.12.823000000 下午','DD-MON-RR HH.MI.SSXFF AM'),'1',to_timestamp('25-12月-15 12.27.34.699000000 下午','DD-MON-RR HH.MI.SSXFF AM'),null,'0');
Insert into EAM.GEN_TABLE_COLUMN (ID,GEN_TABLE_ID,NAME,COMMENTS,JDBC_TYPE,JAVA_TYPE,JAVA_FIELD,IS_PK,IS_NULL,IS_INSERT,IS_EDIT,IS_LIST,IS_QUERY,QUERY_TYPE,SHOW_TYPE,DICT_TYPE,SETTINGS,SORT,CREATE_BY,CREATE_DATE,UPDATE_BY,UPDATE_DATE,REMARKS,DEL_FLAG) values ('2529fd90721a424fb197d9c30249076e','65e1d6ccf36e4cd096cd2464dfd81b9d','name','流控名称','varchar2(255)','String','name','0','0','1','1','1','1','like','input',null,null,20,'1',to_timestamp('24-12月-15 12.18.12.827000000 下午','DD-MON-RR HH.MI.SSXFF AM'),'1',to_timestamp('25-12月-15 12.27.34.704000000 下午','DD-MON-RR HH.MI.SSXFF AM'),null,'0');
Insert into EAM.GEN_TABLE_COLUMN (ID,GEN_TABLE_ID,NAME,COMMENTS,JDBC_TYPE,JAVA_TYPE,JAVA_FIELD,IS_PK,IS_NULL,IS_INSERT,IS_EDIT,IS_LIST,IS_QUERY,QUERY_TYPE,SHOW_TYPE,DICT_TYPE,SETTINGS,SORT,CREATE_BY,CREATE_DATE,UPDATE_BY,UPDATE_DATE,REMARKS,DEL_FLAG) values ('03ac2e79a10549efba7d5d034d36c60b','65e1d6ccf36e4cd096cd2464dfd81b9d','chinese_name','中文名称','varchar2(255)','String','chineseName','0','1','1','1','0','0','=','input',null,null,30,'1',to_timestamp('24-12月-15 12.18.12.829000000 下午','DD-MON-RR HH.MI.SSXFF AM'),'1',to_timestamp('25-12月-15 12.27.34.707000000 下午','DD-MON-RR HH.MI.SSXFF AM'),null,'0');
Insert into EAM.GEN_TABLE_COLUMN (ID,GEN_TABLE_ID,NAME,COMMENTS,JDBC_TYPE,JAVA_TYPE,JAVA_FIELD,IS_PK,IS_NULL,IS_INSERT,IS_EDIT,IS_LIST,IS_QUERY,QUERY_TYPE,SHOW_TYPE,DICT_TYPE,SETTINGS,SORT,CREATE_BY,CREATE_DATE,UPDATE_BY,UPDATE_DATE,REMARKS,DEL_FLAG) values ('1a5de2ef402f41cc8b1925fddeaa9583','65e1d6ccf36e4cd096cd2464dfd81b9d','update_by','更新者','varchar2(64)','com.dc.smarteam.modules.sys.entity.User','updateBy.id','0','1','1','1','0','0','=','input',null,null,40,'1',to_timestamp('24-12月-15 12.18.12.832000000 下午','DD-MON-RR HH.MI.SSXFF AM'),'1',to_timestamp('25-12月-15 12.27.34.711000000 下午','DD-MON-RR HH.MI.SSXFF AM'),null,'0');
Insert into EAM.GEN_TABLE_COLUMN (ID,GEN_TABLE_ID,NAME,COMMENTS,JDBC_TYPE,JAVA_TYPE,JAVA_FIELD,IS_PK,IS_NULL,IS_INSERT,IS_EDIT,IS_LIST,IS_QUERY,QUERY_TYPE,SHOW_TYPE,DICT_TYPE,SETTINGS,SORT,CREATE_BY,CREATE_DATE,UPDATE_BY,UPDATE_DATE,REMARKS,DEL_FLAG) values ('cde01fb708d3496f9e7a7adbcaecf95b','65e1d6ccf36e4cd096cd2464dfd81b9d','update_date','更新时间','timestamp(6)','java.util.Date','updateDate','0','1','1','1','1','0','=','dateselect',null,null,50,'1',to_timestamp('24-12月-15 12.18.12.834000000 下午','DD-MON-RR HH.MI.SSXFF AM'),'1',to_timestamp('25-12月-15 12.27.34.714000000 下午','DD-MON-RR HH.MI.SSXFF AM'),null,'0');
Insert into EAM.GEN_TABLE_COLUMN (ID,GEN_TABLE_ID,NAME,COMMENTS,JDBC_TYPE,JAVA_TYPE,JAVA_FIELD,IS_PK,IS_NULL,IS_INSERT,IS_EDIT,IS_LIST,IS_QUERY,QUERY_TYPE,SHOW_TYPE,DICT_TYPE,SETTINGS,SORT,CREATE_BY,CREATE_DATE,UPDATE_BY,UPDATE_DATE,REMARKS,DEL_FLAG) values ('c8b2fb786169445f9315229e524b6ab2','65e1d6ccf36e4cd096cd2464dfd81b9d','create_date','创建时间','timestamp(6)','java.util.Date','createDate','0','1','1','0','0','0','=','dateselect',null,null,60,'1',to_timestamp('24-12月-15 12.18.12.836000000 下午','DD-MON-RR HH.MI.SSXFF AM'),'1',to_timestamp('25-12月-15 12.27.34.718000000 下午','DD-MON-RR HH.MI.SSXFF AM'),null,'0');
Insert into EAM.GEN_TABLE_COLUMN (ID,GEN_TABLE_ID,NAME,COMMENTS,JDBC_TYPE,JAVA_TYPE,JAVA_FIELD,IS_PK,IS_NULL,IS_INSERT,IS_EDIT,IS_LIST,IS_QUERY,QUERY_TYPE,SHOW_TYPE,DICT_TYPE,SETTINGS,SORT,CREATE_BY,CREATE_DATE,UPDATE_BY,UPDATE_DATE,REMARKS,DEL_FLAG) values ('ce4a47296c56425abcec79114aa80e3b','65e1d6ccf36e4cd096cd2464dfd81b9d','create_by','创建者','varchar2(64)','com.dc.smarteam.modules.sys.entity.User','createBy.id','0','1','1','0','0','0','=','input',null,null,70,'1',to_timestamp('24-12月-15 12.18.12.838000000 下午','DD-MON-RR HH.MI.SSXFF AM'),'1',to_timestamp('25-12月-15 12.27.34.721000000 下午','DD-MON-RR HH.MI.SSXFF AM'),null,'0');
Insert into EAM.GEN_TABLE_COLUMN (ID,GEN_TABLE_ID,NAME,COMMENTS,JDBC_TYPE,JAVA_TYPE,JAVA_FIELD,IS_PK,IS_NULL,IS_INSERT,IS_EDIT,IS_LIST,IS_QUERY,QUERY_TYPE,SHOW_TYPE,DICT_TYPE,SETTINGS,SORT,CREATE_BY,CREATE_DATE,UPDATE_BY,UPDATE_DATE,REMARKS,DEL_FLAG) values ('2d803225e64e47d18094ae30a13cdea1','65e1d6ccf36e4cd096cd2464dfd81b9d','remarks','备注信息','varchar2(255)','String','remarks','0','1','1','1','1','0','=','textarea',null,null,80,'1',to_timestamp('24-12月-15 12.18.12.842000000 下午','DD-MON-RR HH.MI.SSXFF AM'),'1',to_timestamp('25-12月-15 12.27.34.726000000 下午','DD-MON-RR HH.MI.SSXFF AM'),null,'0');
Insert into EAM.GEN_TABLE_COLUMN (ID,GEN_TABLE_ID,NAME,COMMENTS,JDBC_TYPE,JAVA_TYPE,JAVA_FIELD,IS_PK,IS_NULL,IS_INSERT,IS_EDIT,IS_LIST,IS_QUERY,QUERY_TYPE,SHOW_TYPE,DICT_TYPE,SETTINGS,SORT,CREATE_BY,CREATE_DATE,UPDATE_BY,UPDATE_DATE,REMARKS,DEL_FLAG) values ('08fa053aa3984543a206ae8092c8bd97','65e1d6ccf36e4cd096cd2464dfd81b9d','del_flg','删除标记','char(1)','String','delFlg','0','1','1','1','0','0','=','input',null,null,90,'1',to_timestamp('24-12月-15 12.18.12.844000000 下午','DD-MON-RR HH.MI.SSXFF AM'),'1',to_timestamp('25-12月-15 12.27.34.730000000 下午','DD-MON-RR HH.MI.SSXFF AM'),null,'0');
Insert into EAM.GEN_TABLE_COLUMN (ID,GEN_TABLE_ID,NAME,COMMENTS,JDBC_TYPE,JAVA_TYPE,JAVA_FIELD,IS_PK,IS_NULL,IS_INSERT,IS_EDIT,IS_LIST,IS_QUERY,QUERY_TYPE,SHOW_TYPE,DICT_TYPE,SETTINGS,SORT,CREATE_BY,CREATE_DATE,UPDATE_BY,UPDATE_DATE,REMARKS,DEL_FLAG) values ('2e3c6adcab6740368158aa19a6b8dd1f','538a982798344c34b53cc8d55c4291cc','id','UUID','varchar2(40)','String','id','1','0','1','0','0','0','=','input',null,null,10,'1',to_timestamp('24-12月-15 12.18.37.958000000 下午','DD-MON-RR HH.MI.SSXFF AM'),'1',to_timestamp('25-12月-15 12.28.11.955000000 下午','DD-MON-RR HH.MI.SSXFF AM'),null,'0');
Insert into EAM.GEN_TABLE_COLUMN (ID,GEN_TABLE_ID,NAME,COMMENTS,JDBC_TYPE,JAVA_TYPE,JAVA_FIELD,IS_PK,IS_NULL,IS_INSERT,IS_EDIT,IS_LIST,IS_QUERY,QUERY_TYPE,SHOW_TYPE,DICT_TYPE,SETTINGS,SORT,CREATE_BY,CREATE_DATE,UPDATE_BY,UPDATE_DATE,REMARKS,DEL_FLAG) values ('a23a566e38e54e8e8c8261772ffbf287','538a982798344c34b53cc8d55c4291cc','name','名称','varchar2(255)','String','name','0','0','1','1','1','1','like','input',null,null,20,'1',to_timestamp('24-12月-15 12.18.37.960000000 下午','DD-MON-RR HH.MI.SSXFF AM'),'1',to_timestamp('25-12月-15 12.28.11.958000000 下午','DD-MON-RR HH.MI.SSXFF AM'),null,'0');
Insert into EAM.GEN_TABLE_COLUMN (ID,GEN_TABLE_ID,NAME,COMMENTS,JDBC_TYPE,JAVA_TYPE,JAVA_FIELD,IS_PK,IS_NULL,IS_INSERT,IS_EDIT,IS_LIST,IS_QUERY,QUERY_TYPE,SHOW_TYPE,DICT_TYPE,SETTINGS,SORT,CREATE_BY,CREATE_DATE,UPDATE_BY,UPDATE_DATE,REMARKS,DEL_FLAG) values ('ba107fdac8ed436786aaae27b780da84','538a982798344c34b53cc8d55c4291cc','chinese_name','中文名称','varchar2(255)','String','chineseName','0','1','1','1','0','0','=','input',null,null,30,'1',to_timestamp('24-12月-15 12.18.37.962000000 下午','DD-MON-RR HH.MI.SSXFF AM'),'1',to_timestamp('25-12月-15 12.28.11.960000000 下午','DD-MON-RR HH.MI.SSXFF AM'),null,'0');
Insert into EAM.GEN_TABLE_COLUMN (ID,GEN_TABLE_ID,NAME,COMMENTS,JDBC_TYPE,JAVA_TYPE,JAVA_FIELD,IS_PK,IS_NULL,IS_INSERT,IS_EDIT,IS_LIST,IS_QUERY,QUERY_TYPE,SHOW_TYPE,DICT_TYPE,SETTINGS,SORT,CREATE_BY,CREATE_DATE,UPDATE_BY,UPDATE_DATE,REMARKS,DEL_FLAG) values ('a97780768a894a28b712058e051d6cdd','538a982798344c34b53cc8d55c4291cc','update_by','更新者','varchar2(64)','com.dc.smarteam.modules.sys.entity.User','updateBy.id','0','1','1','1','0','0','=','input',null,null,40,'1',to_timestamp('24-12月-15 12.18.37.965000000 下午','DD-MON-RR HH.MI.SSXFF AM'),'1',to_timestamp('25-12月-15 12.28.11.963000000 下午','DD-MON-RR HH.MI.SSXFF AM'),null,'0');
Insert into EAM.GEN_TABLE_COLUMN (ID,GEN_TABLE_ID,NAME,COMMENTS,JDBC_TYPE,JAVA_TYPE,JAVA_FIELD,IS_PK,IS_NULL,IS_INSERT,IS_EDIT,IS_LIST,IS_QUERY,QUERY_TYPE,SHOW_TYPE,DICT_TYPE,SETTINGS,SORT,CREATE_BY,CREATE_DATE,UPDATE_BY,UPDATE_DATE,REMARKS,DEL_FLAG) values ('2b4114ecbee5468f8c831df70267353a','538a982798344c34b53cc8d55c4291cc','update_date','更新时间','timestamp(6)','java.util.Date','updateDate','0','1','1','1','1','0','=','dateselect',null,null,50,'1',to_timestamp('24-12月-15 12.18.37.967000000 下午','DD-MON-RR HH.MI.SSXFF AM'),'1',to_timestamp('25-12月-15 12.28.11.966000000 下午','DD-MON-RR HH.MI.SSXFF AM'),null,'0');
Insert into EAM.GEN_TABLE_COLUMN (ID,GEN_TABLE_ID,NAME,COMMENTS,JDBC_TYPE,JAVA_TYPE,JAVA_FIELD,IS_PK,IS_NULL,IS_INSERT,IS_EDIT,IS_LIST,IS_QUERY,QUERY_TYPE,SHOW_TYPE,DICT_TYPE,SETTINGS,SORT,CREATE_BY,CREATE_DATE,UPDATE_BY,UPDATE_DATE,REMARKS,DEL_FLAG) values ('f215e497ce9d4d3e81aa1ecdc0b15c86','538a982798344c34b53cc8d55c4291cc','create_date','创建时间','timestamp(6)','java.util.Date','createDate','0','1','1','0','0','0','=','dateselect',null,null,60,'1',to_timestamp('24-12月-15 12.18.37.970000000 下午','DD-MON-RR HH.MI.SSXFF AM'),'1',to_timestamp('25-12月-15 12.28.11.969000000 下午','DD-MON-RR HH.MI.SSXFF AM'),null,'0');
Insert into EAM.GEN_TABLE_COLUMN (ID,GEN_TABLE_ID,NAME,COMMENTS,JDBC_TYPE,JAVA_TYPE,JAVA_FIELD,IS_PK,IS_NULL,IS_INSERT,IS_EDIT,IS_LIST,IS_QUERY,QUERY_TYPE,SHOW_TYPE,DICT_TYPE,SETTINGS,SORT,CREATE_BY,CREATE_DATE,UPDATE_BY,UPDATE_DATE,REMARKS,DEL_FLAG) values ('a2c068776e604533a0e2ffb8fe63ab27','538a982798344c34b53cc8d55c4291cc','create_by','创建者','varchar2(64)','com.dc.smarteam.modules.sys.entity.User','createBy.id','0','1','1','0','0','0','=','input',null,null,70,'1',to_timestamp('24-12月-15 12.18.37.972000000 下午','DD-MON-RR HH.MI.SSXFF AM'),'1',to_timestamp('25-12月-15 12.28.11.972000000 下午','DD-MON-RR HH.MI.SSXFF AM'),null,'0');
Insert into EAM.GEN_TABLE_COLUMN (ID,GEN_TABLE_ID,NAME,COMMENTS,JDBC_TYPE,JAVA_TYPE,JAVA_FIELD,IS_PK,IS_NULL,IS_INSERT,IS_EDIT,IS_LIST,IS_QUERY,QUERY_TYPE,SHOW_TYPE,DICT_TYPE,SETTINGS,SORT,CREATE_BY,CREATE_DATE,UPDATE_BY,UPDATE_DATE,REMARKS,DEL_FLAG) values ('fbe72a28531d44acaf5afce08110003e','538a982798344c34b53cc8d55c4291cc','remarks','备注信息','varchar2(255)','String','remarks','0','1','1','1','1','0','=','textarea',null,null,80,'1',to_timestamp('24-12月-15 12.18.37.975000000 下午','DD-MON-RR HH.MI.SSXFF AM'),'1',to_timestamp('25-12月-15 12.28.11.975000000 下午','DD-MON-RR HH.MI.SSXFF AM'),null,'0');
Insert into EAM.GEN_TABLE_COLUMN (ID,GEN_TABLE_ID,NAME,COMMENTS,JDBC_TYPE,JAVA_TYPE,JAVA_FIELD,IS_PK,IS_NULL,IS_INSERT,IS_EDIT,IS_LIST,IS_QUERY,QUERY_TYPE,SHOW_TYPE,DICT_TYPE,SETTINGS,SORT,CREATE_BY,CREATE_DATE,UPDATE_BY,UPDATE_DATE,REMARKS,DEL_FLAG) values ('1700e45d3c254ccda80c7a1c1607559f','538a982798344c34b53cc8d55c4291cc','del_flg','删除标记','char(1)','String','delFlg','0','1','1','1','0','0','=','input',null,null,90,'1',to_timestamp('24-12月-15 12.18.37.978000000 下午','DD-MON-RR HH.MI.SSXFF AM'),'1',to_timestamp('25-12月-15 12.28.11.977000000 下午','DD-MON-RR HH.MI.SSXFF AM'),null,'0');
Insert into EAM.GEN_TABLE_COLUMN (ID,GEN_TABLE_ID,NAME,COMMENTS,JDBC_TYPE,JAVA_TYPE,JAVA_FIELD,IS_PK,IS_NULL,IS_INSERT,IS_EDIT,IS_LIST,IS_QUERY,QUERY_TYPE,SHOW_TYPE,DICT_TYPE,SETTINGS,SORT,CREATE_BY,CREATE_DATE,UPDATE_BY,UPDATE_DATE,REMARKS,DEL_FLAG) values ('754366498b7f4c8d9c7fda8d0caf24e2','53ad47337c5941edbd82b7b4e56770bc','id','UUID','varchar2(40)','String','id','0','0','1','0','0','0','=','input',null,null,10,'1',to_timestamp('24-12月-15 12.51.36.479000000 下午','DD-MON-RR HH.MI.SSXFF AM'),'1',to_timestamp('25-12月-15 12.28.02.488000000 下午','DD-MON-RR HH.MI.SSXFF AM'),null,'0');
Insert into EAM.GEN_TABLE_COLUMN (ID,GEN_TABLE_ID,NAME,COMMENTS,JDBC_TYPE,JAVA_TYPE,JAVA_FIELD,IS_PK,IS_NULL,IS_INSERT,IS_EDIT,IS_LIST,IS_QUERY,QUERY_TYPE,SHOW_TYPE,DICT_TYPE,SETTINGS,SORT,CREATE_BY,CREATE_DATE,UPDATE_BY,UPDATE_DATE,REMARKS,DEL_FLAG) values ('dd2246be457548549d376ca83ccd21fe','53ad47337c5941edbd82b7b4e56770bc','name','路由名称','varchar2(255)','String','name','0','0','1','1','1','1','like','input',null,null,20,'1',to_timestamp('24-12月-15 12.51.36.484000000 下午','DD-MON-RR HH.MI.SSXFF AM'),'1',to_timestamp('25-12月-15 12.28.02.491000000 下午','DD-MON-RR HH.MI.SSXFF AM'),null,'0');
Insert into EAM.GEN_TABLE_COLUMN (ID,GEN_TABLE_ID,NAME,COMMENTS,JDBC_TYPE,JAVA_TYPE,JAVA_FIELD,IS_PK,IS_NULL,IS_INSERT,IS_EDIT,IS_LIST,IS_QUERY,QUERY_TYPE,SHOW_TYPE,DICT_TYPE,SETTINGS,SORT,CREATE_BY,CREATE_DATE,UPDATE_BY,UPDATE_DATE,REMARKS,DEL_FLAG) values ('8811ff8e31564aeeaf4610ef350ffc26','53ad47337c5941edbd82b7b4e56770bc','chinese_name','路由简称','varchar2(255)','String','chineseName','0','1','1','1','0','0','=','input',null,null,30,'1',to_timestamp('24-12月-15 12.51.36.486000000 下午','DD-MON-RR HH.MI.SSXFF AM'),'1',to_timestamp('25-12月-15 12.28.02.494000000 下午','DD-MON-RR HH.MI.SSXFF AM'),null,'0');
Insert into EAM.GEN_TABLE_COLUMN (ID,GEN_TABLE_ID,NAME,COMMENTS,JDBC_TYPE,JAVA_TYPE,JAVA_FIELD,IS_PK,IS_NULL,IS_INSERT,IS_EDIT,IS_LIST,IS_QUERY,QUERY_TYPE,SHOW_TYPE,DICT_TYPE,SETTINGS,SORT,CREATE_BY,CREATE_DATE,UPDATE_BY,UPDATE_DATE,REMARKS,DEL_FLAG) values ('384ea5ce79de4abe951823fa0b2de98e','53ad47337c5941edbd82b7b4e56770bc','route_basis','基础路由','varchar2(255)','String','routeBasis','0','1','1','1','0','0','=','input',null,null,40,'1',to_timestamp('24-12月-15 12.51.36.488000000 下午','DD-MON-RR HH.MI.SSXFF AM'),'1',to_timestamp('25-12月-15 12.28.02.498000000 下午','DD-MON-RR HH.MI.SSXFF AM'),null,'0');
Insert into EAM.GEN_TABLE_COLUMN (ID,GEN_TABLE_ID,NAME,COMMENTS,JDBC_TYPE,JAVA_TYPE,JAVA_FIELD,IS_PK,IS_NULL,IS_INSERT,IS_EDIT,IS_LIST,IS_QUERY,QUERY_TYPE,SHOW_TYPE,DICT_TYPE,SETTINGS,SORT,CREATE_BY,CREATE_DATE,UPDATE_BY,UPDATE_DATE,REMARKS,DEL_FLAG) values ('115d057f0c304e16bda149718ff362a2','53ad47337c5941edbd82b7b4e56770bc','rtable_maintain','RTABLE_MAINTAIN','varchar2(255)','String','rtableMaintain','0','1','1','1','0','0','=','input',null,null,50,'1',to_timestamp('24-12月-15 12.51.36.491000000 下午','DD-MON-RR HH.MI.SSXFF AM'),'1',to_timestamp('25-12月-15 12.28.02.501000000 下午','DD-MON-RR HH.MI.SSXFF AM'),null,'0');
Insert into EAM.GEN_TABLE_COLUMN (ID,GEN_TABLE_ID,NAME,COMMENTS,JDBC_TYPE,JAVA_TYPE,JAVA_FIELD,IS_PK,IS_NULL,IS_INSERT,IS_EDIT,IS_LIST,IS_QUERY,QUERY_TYPE,SHOW_TYPE,DICT_TYPE,SETTINGS,SORT,CREATE_BY,CREATE_DATE,UPDATE_BY,UPDATE_DATE,REMARKS,DEL_FLAG) values ('2a43f92066854a0dba1e396a0780aab5','53ad47337c5941edbd82b7b4e56770bc','rtable_store','RTABLE_STORE','varchar2(255)','String','rtableStore','0','1','1','1','0','0','=','input',null,null,60,'1',to_timestamp('24-12月-15 12.51.36.495000000 下午','DD-MON-RR HH.MI.SSXFF AM'),'1',to_timestamp('25-12月-15 12.28.02.504000000 下午','DD-MON-RR HH.MI.SSXFF AM'),null,'0');
Insert into EAM.GEN_TABLE_COLUMN (ID,GEN_TABLE_ID,NAME,COMMENTS,JDBC_TYPE,JAVA_TYPE,JAVA_FIELD,IS_PK,IS_NULL,IS_INSERT,IS_EDIT,IS_LIST,IS_QUERY,QUERY_TYPE,SHOW_TYPE,DICT_TYPE,SETTINGS,SORT,CREATE_BY,CREATE_DATE,UPDATE_BY,UPDATE_DATE,REMARKS,DEL_FLAG) values ('9cce25e81439436db95aaa0dd74eca6d','53ad47337c5941edbd82b7b4e56770bc','update_by','更新者','varchar2(64)','com.dc.smarteam.modules.sys.entity.User','updateBy.id','0','1','1','1','0','0','=','input',null,null,70,'1',to_timestamp('24-12月-15 12.51.36.498000000 下午','DD-MON-RR HH.MI.SSXFF AM'),'1',to_timestamp('25-12月-15 12.28.02.508000000 下午','DD-MON-RR HH.MI.SSXFF AM'),null,'0');
Insert into EAM.GEN_TABLE_COLUMN (ID,GEN_TABLE_ID,NAME,COMMENTS,JDBC_TYPE,JAVA_TYPE,JAVA_FIELD,IS_PK,IS_NULL,IS_INSERT,IS_EDIT,IS_LIST,IS_QUERY,QUERY_TYPE,SHOW_TYPE,DICT_TYPE,SETTINGS,SORT,CREATE_BY,CREATE_DATE,UPDATE_BY,UPDATE_DATE,REMARKS,DEL_FLAG) values ('fc5511f32b3d49c886a6d3b740c08aa8','53ad47337c5941edbd82b7b4e56770bc','update_date','更新时间','timestamp(6)','java.util.Date','updateDate','0','1','1','1','1','0','=','dateselect',null,null,80,'1',to_timestamp('24-12月-15 12.51.36.501000000 下午','DD-MON-RR HH.MI.SSXFF AM'),'1',to_timestamp('25-12月-15 12.28.02.511000000 下午','DD-MON-RR HH.MI.SSXFF AM'),null,'0');
Insert into EAM.GEN_TABLE_COLUMN (ID,GEN_TABLE_ID,NAME,COMMENTS,JDBC_TYPE,JAVA_TYPE,JAVA_FIELD,IS_PK,IS_NULL,IS_INSERT,IS_EDIT,IS_LIST,IS_QUERY,QUERY_TYPE,SHOW_TYPE,DICT_TYPE,SETTINGS,SORT,CREATE_BY,CREATE_DATE,UPDATE_BY,UPDATE_DATE,REMARKS,DEL_FLAG) values ('9e1fe452e68740e7a38191ad689945ed','53ad47337c5941edbd82b7b4e56770bc','create_date','创建时间','timestamp(6)','java.util.Date','createDate','0','1','1','0','0','0','=','dateselect',null,null,90,'1',to_timestamp('24-12月-15 12.51.36.503000000 下午','DD-MON-RR HH.MI.SSXFF AM'),'1',to_timestamp('25-12月-15 12.28.02.514000000 下午','DD-MON-RR HH.MI.SSXFF AM'),null,'0');
Insert into EAM.GEN_TABLE_COLUMN (ID,GEN_TABLE_ID,NAME,COMMENTS,JDBC_TYPE,JAVA_TYPE,JAVA_FIELD,IS_PK,IS_NULL,IS_INSERT,IS_EDIT,IS_LIST,IS_QUERY,QUERY_TYPE,SHOW_TYPE,DICT_TYPE,SETTINGS,SORT,CREATE_BY,CREATE_DATE,UPDATE_BY,UPDATE_DATE,REMARKS,DEL_FLAG) values ('8eacc7bbcb6f43eca45296fcee7f39f9','53ad47337c5941edbd82b7b4e56770bc','create_by','创建者','varchar2(64)','com.dc.smarteam.modules.sys.entity.User','createBy.id','0','1','1','0','0','0','=','input',null,null,100,'1',to_timestamp('24-12月-15 12.51.36.505000000 下午','DD-MON-RR HH.MI.SSXFF AM'),'1',to_timestamp('25-12月-15 12.28.02.516000000 下午','DD-MON-RR HH.MI.SSXFF AM'),null,'0');
Insert into EAM.GEN_TABLE_COLUMN (ID,GEN_TABLE_ID,NAME,COMMENTS,JDBC_TYPE,JAVA_TYPE,JAVA_FIELD,IS_PK,IS_NULL,IS_INSERT,IS_EDIT,IS_LIST,IS_QUERY,QUERY_TYPE,SHOW_TYPE,DICT_TYPE,SETTINGS,SORT,CREATE_BY,CREATE_DATE,UPDATE_BY,UPDATE_DATE,REMARKS,DEL_FLAG) values ('a3c505a0e70b438fabc78966cb8f2cff','53ad47337c5941edbd82b7b4e56770bc','remarks','备注信息','varchar2(255)','String','remarks','0','1','1','1','1','0','=','textarea',null,null,110,'1',to_timestamp('24-12月-15 12.51.36.507000000 下午','DD-MON-RR HH.MI.SSXFF AM'),'1',to_timestamp('25-12月-15 12.28.02.519000000 下午','DD-MON-RR HH.MI.SSXFF AM'),null,'0');
Insert into EAM.GEN_TABLE_COLUMN (ID,GEN_TABLE_ID,NAME,COMMENTS,JDBC_TYPE,JAVA_TYPE,JAVA_FIELD,IS_PK,IS_NULL,IS_INSERT,IS_EDIT,IS_LIST,IS_QUERY,QUERY_TYPE,SHOW_TYPE,DICT_TYPE,SETTINGS,SORT,CREATE_BY,CREATE_DATE,UPDATE_BY,UPDATE_DATE,REMARKS,DEL_FLAG) values ('0351b0c30ad34353b3b8d4458b8270eb','53ad47337c5941edbd82b7b4e56770bc','del_flg','删除标记','char(1)','String','delFlg','0','1','1','1','0','0','=','input',null,null,120,'1',to_timestamp('24-12月-15 12.51.36.511000000 下午','DD-MON-RR HH.MI.SSXFF AM'),'1',to_timestamp('25-12月-15 12.28.02.522000000 下午','DD-MON-RR HH.MI.SSXFF AM'),null,'0');
Insert into EAM.GEN_TABLE_COLUMN (ID,GEN_TABLE_ID,NAME,COMMENTS,JDBC_TYPE,JAVA_TYPE,JAVA_FIELD,IS_PK,IS_NULL,IS_INSERT,IS_EDIT,IS_LIST,IS_QUERY,QUERY_TYPE,SHOW_TYPE,DICT_TYPE,SETTINGS,SORT,CREATE_BY,CREATE_DATE,UPDATE_BY,UPDATE_DATE,REMARKS,DEL_FLAG) values ('b574ba196ee249fe92e5b820476dfcb5','4e1d5cf2ca134feb870ea2774ccee896','id','UUID','varchar2(40)','String','id','1','0','1','0','0','0','=','input',null,null,10,'1',to_timestamp('24-12月-15 12.51.49.771000000 下午','DD-MON-RR HH.MI.SSXFF AM'),'1',to_timestamp('25-12月-15 12.27.44.377000000 下午','DD-MON-RR HH.MI.SSXFF AM'),null,'0');
Insert into EAM.GEN_TABLE_COLUMN (ID,GEN_TABLE_ID,NAME,COMMENTS,JDBC_TYPE,JAVA_TYPE,JAVA_FIELD,IS_PK,IS_NULL,IS_INSERT,IS_EDIT,IS_LIST,IS_QUERY,QUERY_TYPE,SHOW_TYPE,DICT_TYPE,SETTINGS,SORT,CREATE_BY,CREATE_DATE,UPDATE_BY,UPDATE_DATE,REMARKS,DEL_FLAG) values ('bca447ad5b134443a6252398411926ef','4e1d5cf2ca134feb870ea2774ccee896','name','日志名称','varchar2(255)','String','name','0','1','1','1','1','1','like','input',null,null,20,'1',to_timestamp('24-12月-15 12.51.49.774000000 下午','DD-MON-RR HH.MI.SSXFF AM'),'1',to_timestamp('25-12月-15 12.27.44.381000000 下午','DD-MON-RR HH.MI.SSXFF AM'),null,'0');
Insert into EAM.GEN_TABLE_COLUMN (ID,GEN_TABLE_ID,NAME,COMMENTS,JDBC_TYPE,JAVA_TYPE,JAVA_FIELD,IS_PK,IS_NULL,IS_INSERT,IS_EDIT,IS_LIST,IS_QUERY,QUERY_TYPE,SHOW_TYPE,DICT_TYPE,SETTINGS,SORT,CREATE_BY,CREATE_DATE,UPDATE_BY,UPDATE_DATE,REMARKS,DEL_FLAG) values ('9ed081a06a4e4faa961b32fa04b742dc','4e1d5cf2ca134feb870ea2774ccee896','chinese_name','日志简称','varchar2(255)','String','chineseName','0','1','1','1','0','0','=','input',null,null,30,'1',to_timestamp('24-12月-15 12.51.49.777000000 下午','DD-MON-RR HH.MI.SSXFF AM'),'1',to_timestamp('25-12月-15 12.27.44.383000000 下午','DD-MON-RR HH.MI.SSXFF AM'),null,'0');
Insert into EAM.GEN_TABLE_COLUMN (ID,GEN_TABLE_ID,NAME,COMMENTS,JDBC_TYPE,JAVA_TYPE,JAVA_FIELD,IS_PK,IS_NULL,IS_INSERT,IS_EDIT,IS_LIST,IS_QUERY,QUERY_TYPE,SHOW_TYPE,DICT_TYPE,SETTINGS,SORT,CREATE_BY,CREATE_DATE,UPDATE_BY,UPDATE_DATE,REMARKS,DEL_FLAG) values ('d2c72a1b1eab48a887bc884beb07d30c','4e1d5cf2ca134feb870ea2774ccee896','log_range','日志级别','varchar2(255)','String','logRange','0','1','1','1','0','0','=','input',null,null,40,'1',to_timestamp('24-12月-15 12.51.49.781000000 下午','DD-MON-RR HH.MI.SSXFF AM'),'1',to_timestamp('25-12月-15 12.27.44.385000000 下午','DD-MON-RR HH.MI.SSXFF AM'),null,'0');
Insert into EAM.GEN_TABLE_COLUMN (ID,GEN_TABLE_ID,NAME,COMMENTS,JDBC_TYPE,JAVA_TYPE,JAVA_FIELD,IS_PK,IS_NULL,IS_INSERT,IS_EDIT,IS_LIST,IS_QUERY,QUERY_TYPE,SHOW_TYPE,DICT_TYPE,SETTINGS,SORT,CREATE_BY,CREATE_DATE,UPDATE_BY,UPDATE_DATE,REMARKS,DEL_FLAG) values ('974cfead609047e3ab87428fd207e100','4e1d5cf2ca134feb870ea2774ccee896','log_clean_type','日志清理规则','varchar2(255)','String','logCleanType','0','1','1','1','0','0','=','input',null,null,50,'1',to_timestamp('24-12月-15 12.51.49.787000000 下午','DD-MON-RR HH.MI.SSXFF AM'),'1',to_timestamp('25-12月-15 12.27.44.388000000 下午','DD-MON-RR HH.MI.SSXFF AM'),null,'0');
Insert into EAM.GEN_TABLE_COLUMN (ID,GEN_TABLE_ID,NAME,COMMENTS,JDBC_TYPE,JAVA_TYPE,JAVA_FIELD,IS_PK,IS_NULL,IS_INSERT,IS_EDIT,IS_LIST,IS_QUERY,QUERY_TYPE,SHOW_TYPE,DICT_TYPE,SETTINGS,SORT,CREATE_BY,CREATE_DATE,UPDATE_BY,UPDATE_DATE,REMARKS,DEL_FLAG) values ('abd97ac729cb43d2a2b884e1dd56d526','4e1d5cf2ca134feb870ea2774ccee896','update_by','更新者','varchar2(64)','com.dc.smarteam.modules.sys.entity.User','updateBy.id','0','1','1','1','0','0','=','input',null,null,60,'1',to_timestamp('24-12月-15 12.51.49.789000000 下午','DD-MON-RR HH.MI.SSXFF AM'),'1',to_timestamp('25-12月-15 12.27.44.391000000 下午','DD-MON-RR HH.MI.SSXFF AM'),null,'0');
Insert into EAM.GEN_TABLE_COLUMN (ID,GEN_TABLE_ID,NAME,COMMENTS,JDBC_TYPE,JAVA_TYPE,JAVA_FIELD,IS_PK,IS_NULL,IS_INSERT,IS_EDIT,IS_LIST,IS_QUERY,QUERY_TYPE,SHOW_TYPE,DICT_TYPE,SETTINGS,SORT,CREATE_BY,CREATE_DATE,UPDATE_BY,UPDATE_DATE,REMARKS,DEL_FLAG) values ('296828110a6c484f882273e499738c5a','4e1d5cf2ca134feb870ea2774ccee896','update_date','更新时间','timestamp(6)','java.util.Date','updateDate','0','1','1','1','1','0','=','dateselect',null,null,70,'1',to_timestamp('24-12月-15 12.51.49.792000000 下午','DD-MON-RR HH.MI.SSXFF AM'),'1',to_timestamp('25-12月-15 12.27.44.393000000 下午','DD-MON-RR HH.MI.SSXFF AM'),null,'0');
Insert into EAM.GEN_TABLE_COLUMN (ID,GEN_TABLE_ID,NAME,COMMENTS,JDBC_TYPE,JAVA_TYPE,JAVA_FIELD,IS_PK,IS_NULL,IS_INSERT,IS_EDIT,IS_LIST,IS_QUERY,QUERY_TYPE,SHOW_TYPE,DICT_TYPE,SETTINGS,SORT,CREATE_BY,CREATE_DATE,UPDATE_BY,UPDATE_DATE,REMARKS,DEL_FLAG) values ('a2f3a84e910e473ca10bd62b9aecafa7','4e1d5cf2ca134feb870ea2774ccee896','create_date','创建时间','timestamp(6)','java.util.Date','createDate','0','1','1','0','0','0','=','dateselect',null,null,80,'1',to_timestamp('24-12月-15 12.51.49.795000000 下午','DD-MON-RR HH.MI.SSXFF AM'),'1',to_timestamp('25-12月-15 12.27.44.398000000 下午','DD-MON-RR HH.MI.SSXFF AM'),null,'0');
Insert into EAM.GEN_TABLE_COLUMN (ID,GEN_TABLE_ID,NAME,COMMENTS,JDBC_TYPE,JAVA_TYPE,JAVA_FIELD,IS_PK,IS_NULL,IS_INSERT,IS_EDIT,IS_LIST,IS_QUERY,QUERY_TYPE,SHOW_TYPE,DICT_TYPE,SETTINGS,SORT,CREATE_BY,CREATE_DATE,UPDATE_BY,UPDATE_DATE,REMARKS,DEL_FLAG) values ('eb0fd59212294e46a48aa3659b2f80b4','4e1d5cf2ca134feb870ea2774ccee896','create_by','创建者','varchar2(64)','com.dc.smarteam.modules.sys.entity.User','createBy.id','0','1','1','0','0','0','=','input',null,null,90,'1',to_timestamp('24-12月-15 12.51.49.799000000 下午','DD-MON-RR HH.MI.SSXFF AM'),'1',to_timestamp('25-12月-15 12.27.44.401000000 下午','DD-MON-RR HH.MI.SSXFF AM'),null,'0');
Insert into EAM.GEN_TABLE_COLUMN (ID,GEN_TABLE_ID,NAME,COMMENTS,JDBC_TYPE,JAVA_TYPE,JAVA_FIELD,IS_PK,IS_NULL,IS_INSERT,IS_EDIT,IS_LIST,IS_QUERY,QUERY_TYPE,SHOW_TYPE,DICT_TYPE,SETTINGS,SORT,CREATE_BY,CREATE_DATE,UPDATE_BY,UPDATE_DATE,REMARKS,DEL_FLAG) values ('a17155e45bcb4c5f9a685abe1b7e84ee','4e1d5cf2ca134feb870ea2774ccee896','remarks','备注信息','varchar2(255)','String','remarks','0','1','1','1','1','0','=','textarea',null,null,100,'1',to_timestamp('24-12月-15 12.51.49.802000000 下午','DD-MON-RR HH.MI.SSXFF AM'),'1',to_timestamp('25-12月-15 12.27.44.403000000 下午','DD-MON-RR HH.MI.SSXFF AM'),null,'0');
Insert into EAM.GEN_TABLE_COLUMN (ID,GEN_TABLE_ID,NAME,COMMENTS,JDBC_TYPE,JAVA_TYPE,JAVA_FIELD,IS_PK,IS_NULL,IS_INSERT,IS_EDIT,IS_LIST,IS_QUERY,QUERY_TYPE,SHOW_TYPE,DICT_TYPE,SETTINGS,SORT,CREATE_BY,CREATE_DATE,UPDATE_BY,UPDATE_DATE,REMARKS,DEL_FLAG) values ('c8bb69ba5e2847deb2f69bbfc54142fd','4e1d5cf2ca134feb870ea2774ccee896','del_flg','删除标记','char(1)','String','delFlg','0','1','1','1','0','0','=','input',null,null,110,'1',to_timestamp('24-12月-15 12.51.49.805000000 下午','DD-MON-RR HH.MI.SSXFF AM'),'1',to_timestamp('25-12月-15 12.27.44.405000000 下午','DD-MON-RR HH.MI.SSXFF AM'),null,'0');



Insert into EAM.SYS_MENU (ID,PARENT_ID,PARENT_IDS,NAME,SORT,HREF,TARGET,ICON,IS_SHOW,PERMISSION,CREATE_BY,CREATE_DATE,UPDATE_BY,UPDATE_DATE,REMARKS,DEL_FLAG) values ('676cde55c9ef4aa08b72f985587aa805','3086a1e0eb5e4e41b650d31bf19ebc8b','0,1,3086a1e0eb5e4e41b650d31bf19ebc8b,','交易线标准模型',30,null,null,null,'1',null,'1',to_timestamp('24-12月-15 11.44.12.832000000 上午','DD-MON-RR HH.MI.SSXFF AM'),'1',to_timestamp('24-12月-15 11.44.12.832000000 上午','DD-MON-RR HH.MI.SSXFF AM'),null,'0');
Insert into EAM.SYS_MENU (ID,PARENT_ID,PARENT_IDS,NAME,SORT,HREF,TARGET,ICON,IS_SHOW,PERMISSION,CREATE_BY,CREATE_DATE,UPDATE_BY,UPDATE_DATE,REMARKS,DEL_FLAG) values ('3086a1e0eb5e4e41b650d31bf19ebc8b','1','0,1,','应用架构',5030,null,null,null,'1',null,'1',to_timestamp('24-12月-15 11.43.54.680000000 上午','DD-MON-RR HH.MI.SSXFF AM'),'1',to_timestamp('24-12月-15 11.43.54.680000000 上午','DD-MON-RR HH.MI.SSXFF AM'),null,'0');
Insert into EAM.SYS_MENU (ID,PARENT_ID,PARENT_IDS,NAME,SORT,HREF,TARGET,ICON,IS_SHOW,PERMISSION,CREATE_BY,CREATE_DATE,UPDATE_BY,UPDATE_DATE,REMARKS,DEL_FLAG) values ('cb178061f9ff4ec8ac56c6a8a64d3acb','676cde55c9ef4aa08b72f985587aa805','0,1,3086a1e0eb5e4e41b650d31bf19ebc8b,676cde55c9ef4aa08b72f985587aa805,','交易路由管理',120,'/route/eamRouteAlg',null,null,'1','route:eamRouteAlg:view,route:eamRouteAlg:edit','1',to_timestamp('24-12月-15 12.55.04.890000000 下午','DD-MON-RR HH.MI.SSXFF AM'),'1',to_timestamp('24-12月-15 12.55.04.890000000 下午','DD-MON-RR HH.MI.SSXFF AM'),null,'0');
Insert into EAM.SYS_MENU (ID,PARENT_ID,PARENT_IDS,NAME,SORT,HREF,TARGET,ICON,IS_SHOW,PERMISSION,CREATE_BY,CREATE_DATE,UPDATE_BY,UPDATE_DATE,REMARKS,DEL_FLAG) values ('ae2e3da61451428591cbef9c19e22123','676cde55c9ef4aa08b72f985587aa805','0,1,3086a1e0eb5e4e41b650d31bf19ebc8b,676cde55c9ef4aa08b72f985587aa805,','协议管理',30,'/protocol/eamProtocol',null,null,'1','protocol:eamProtocol:view,protocol:eamProtocol:edit','1',to_timestamp('24-12月-15 12.20.55.422000000 下午','DD-MON-RR HH.MI.SSXFF AM'),'1',to_timestamp('24-12月-15 12.20.55.422000000 下午','DD-MON-RR HH.MI.SSXFF AM'),null,'0');
Insert into EAM.SYS_MENU (ID,PARENT_ID,PARENT_IDS,NAME,SORT,HREF,TARGET,ICON,IS_SHOW,PERMISSION,CREATE_BY,CREATE_DATE,UPDATE_BY,UPDATE_DATE,REMARKS,DEL_FLAG) values ('18cb9839c2d242cbbf9f55055fc5de4a','676cde55c9ef4aa08b72f985587aa805','0,1,3086a1e0eb5e4e41b650d31bf19ebc8b,676cde55c9ef4aa08b72f985587aa805,','流控算法',60,'/flow/eamFlowCtlAlg',null,null,'1','flow:eamFlowCtlAlg:view,flow:eamFlowCtlAlg:edit','1',to_timestamp('24-12月-15 12.21.16.079000000 下午','DD-MON-RR HH.MI.SSXFF AM'),'1',to_timestamp('24-12月-15 12.21.16.079000000 下午','DD-MON-RR HH.MI.SSXFF AM'),null,'0');
Insert into EAM.SYS_MENU (ID,PARENT_ID,PARENT_IDS,NAME,SORT,HREF,TARGET,ICON,IS_SHOW,PERMISSION,CREATE_BY,CREATE_DATE,UPDATE_BY,UPDATE_DATE,REMARKS,DEL_FLAG) values ('753cd5d1c7f943618e9066fd0f516d7b','676cde55c9ef4aa08b72f985587aa805','0,1,3086a1e0eb5e4e41b650d31bf19ebc8b,676cde55c9ef4aa08b72f985587aa805,','超时时间算法',90,'/timeout/eamTimeoutAlg',null,null,'1','timeout:eamTimeoutAlg:view,timeout:eamTimeoutAlg:edit','1',to_timestamp('24-12月-15 12.21.36.703000000 下午','DD-MON-RR HH.MI.SSXFF AM'),'1',to_timestamp('24-12月-15 12.28.31.935000000 下午','DD-MON-RR HH.MI.SSXFF AM'),null,'0');
Insert into EAM.SYS_MENU (ID,PARENT_ID,PARENT_IDS,NAME,SORT,HREF,TARGET,ICON,IS_SHOW,PERMISSION,CREATE_BY,CREATE_DATE,UPDATE_BY,UPDATE_DATE,REMARKS,DEL_FLAG) values ('fa42b20a575b448b9ce0995908a1cfc4','676cde55c9ef4aa08b72f985587aa805','0,1,3086a1e0eb5e4e41b650d31bf19ebc8b,676cde55c9ef4aa08b72f985587aa805,','流水日志管理',150,'/log/eamLogType',null,null,'1','log:eamLogType:view,log:eamLogType:edit','1',to_timestamp('24-12月-15 12.56.01.983000000 下午','DD-MON-RR HH.MI.SSXFF AM'),'1',to_timestamp('24-12月-15 12.56.01.983000000 下午','DD-MON-RR HH.MI.SSXFF AM'),null,'0');
