/*GEN_SCHEME*/
INSERT INTO `gen_scheme` VALUES ('aaefd75e7c19460fa1c138a3f9b61a5e', '接口清单管理', 'curd', 'com.dc.smarteam.modules', 'sysinter', '', '接口清单', '接口清单管理', 'zhanghaor', '7074b785dad54f9b94e0a470e2b7a2dd', '1', '2015-12-29 11:14:06', '1', '2015-12-29 11:14:06', '', '0');
INSERT INTO `gen_scheme` VALUES ('d461dab8dfa745d7b553181ae72219b8', '报文格式管理', 'curd', 'com.dc.smarteam.modules', 'sysformat', '', '报文格式', '报文格式管理', 'zhanghaor', '3c78bf15a657415fa27dd5923b965a60', '1', '2015-12-29 11:14:53', '1', '2015-12-29 11:14:53', '', '0');

/*GEN_TABLE*/
INSERT INTO `gen_table` VALUES ('3c78bf15a657415fa27dd5923b965a60', 'eam_msg_format', '报文格式管理', 'EamMsgFormat', '', '', '1', '2015-12-29 11:12:56', '1', '2015-12-29 11:12:56', '', '0');
INSERT INTO `gen_table` VALUES ('7074b785dad54f9b94e0a470e2b7a2dd', 'eam_interface', '接口清单管理', 'EamInterface', '', '', '1', '2015-12-29 11:12:19', '1', '2015-12-29 11:12:19', '', '0');


/*GEN_TABLE_COLUMN*/
INSERT INTO `gen_table_column` VALUES ('005e1ff94ed04b52a76bbcefce227a0f', '7074b785dad54f9b94e0a470e2b7a2dd', 'del_flag', '删除标记（0：正常；1：删除）', 'char(1)', 'String', 'delFlag', '0', '1', '1', '0', '0', '0', '=', 'radiobox', 'del_flag', NULL, 140, '1', '2015-12-29 11:12:19', '1', '2015-12-29 11:12:19', NULL, '0');
INSERT INTO `gen_table_column` VALUES ('05d9437ed2ea465098e284bff5e0f42a', '7074b785dad54f9b94e0a470e2b7a2dd', 'create_by', '创建者', 'varchar(64)', 'com.dc.smarteam.modules.sys.entity.User', 'createBy.id', '0', '1', '1', '0', '0', '0', '=', 'input', '', NULL, 90, '1', '2015-12-29 11:12:19', '1', '2015-12-29 11:12:19', NULL, '0');
INSERT INTO `gen_table_column` VALUES ('097f5aa1aa2949b5ac89b571cbf2d6b9', '3c78bf15a657415fa27dd5923b965a60', 'update_date', '更新时间', 'timestamp', 'java.util.Date', 'updateDate', '0', '1', '1', '1', '1', '0', '=', 'dateselect', '', NULL, 110, '1', '2015-12-29 11:12:56', '1', '2015-12-29 11:12:56', NULL, '0');
INSERT INTO `gen_table_column` VALUES ('12193b4e610e4b2896d85c141e8fc3ec', '7074b785dad54f9b94e0a470e2b7a2dd', 'rsp_msg_format', '响应消息格式', 'varchar(2047)', 'String', 'rspMsgFormat', '0', '1', '1', '1', '1', '0', '=', 'input', '', NULL, 60, '1', '2015-12-29 11:12:19', '1', '2015-12-29 11:12:19', NULL, '0');
INSERT INTO `gen_table_column` VALUES ('230c58412d304f73b8eec3f167177444', '3c78bf15a657415fa27dd5923b965a60', 'remarks', '备注信息', 'text', 'String', 'remarks', '0', '1', '1', '1', '1', '0', '=', 'textarea', '', NULL, 120, '1', '2015-12-29 11:12:56', '1', '2015-12-29 11:12:56', NULL, '0');
INSERT INTO `gen_table_column` VALUES ('2a50e53a9e56403f9818c68f57a8db43', '7074b785dad54f9b94e0a470e2b7a2dd', 'update_date', '更新时间', 'timestamp', 'java.util.Date', 'updateDate', '0', '1', '1', '1', '1', '0', '=', 'dateselect', '', NULL, 120, '1', '2015-12-29 11:12:19', '1', '2015-12-29 11:12:19', NULL, '0');
INSERT INTO `gen_table_column` VALUES ('2a9f125726ec4503b097cb1d7493da68', '7074b785dad54f9b94e0a470e2b7a2dd', 'req_msg_format', '请求消息格式', 'varchar(2047)', 'String', 'reqMsgFormat', '0', '1', '1', '1', '1', '0', '=', 'input', '', NULL, 50, '1', '2015-12-29 11:12:19', '1', '2015-12-29 11:12:19', NULL, '0');
INSERT INTO `gen_table_column` VALUES ('3a9e32616085498181433bf52161e0ee', '7074b785dad54f9b94e0a470e2b7a2dd', 'chinese_name', '接口中文名', 'varchar(255)', 'String', 'chineseName', '0', '1', '1', '1', '1', '0', '=', 'input', '', NULL, 30, '1', '2015-12-29 11:12:19', '1', '2015-12-29 11:12:19', NULL, '0');
INSERT INTO `gen_table_column` VALUES ('3b4b87bd316447a2bbc4073a00e11e62', '3c78bf15a657415fa27dd5923b965a60', 'create_date', '创建时间', 'timestamp', 'java.util.Date', 'createDate', '0', '1', '1', '0', '0', '0', '=', 'dateselect', '', NULL, 90, '1', '2015-12-29 11:12:56', '1', '2015-12-29 11:12:56', NULL, '0');
INSERT INTO `gen_table_column` VALUES ('4941bfd821b74786afc1941540eaf702', '3c78bf15a657415fa27dd5923b965a60', 'create_by', '创建者', 'varchar(64)', 'com.dc.smarteam.modules.sys.entity.User', 'createBy.id', '0', '1', '1', '0', '0', '0', '=', 'input', '', NULL, 80, '1', '2015-12-29 11:12:56', '1', '2015-12-29 11:12:56', NULL, '0');
INSERT INTO `gen_table_column` VALUES ('4c626163b0a1422bb9ad84ac0cd5f013', '3c78bf15a657415fa27dd5923b965a60', 'msg_head', '报文头', 'varchar(255)', 'String', 'msgHead', '0', '1', '1', '1', '1', '0', '=', 'input', '', NULL, 50, '1', '2015-12-29 11:12:56', '1', '2015-12-29 11:12:56', NULL, '0');
INSERT INTO `gen_table_column` VALUES ('4d9fb5e67d3b46e484a0e122e274c64c', '3c78bf15a657415fa27dd5923b965a60', 'msg_body', '报文体', 'varchar(255)', 'String', 'msgBody', '0', '1', '1', '1', '1', '0', '=', 'input', '', NULL, 60, '1', '2015-12-29 11:12:56', '1', '2015-12-29 11:12:56', NULL, '0');
INSERT INTO `gen_table_column` VALUES ('5d7d8c80537947fe9d95e71f5d5f1d84', '7074b785dad54f9b94e0a470e2b7a2dd', 'account_trade', '是否账务交易', 'varchar(10)', 'String', 'accountTrade', '0', '1', '1', '1', '1', '0', '=', 'input', '', NULL, 80, '1', '2015-12-29 11:12:19', '1', '2015-12-29 11:12:19', NULL, '0');
INSERT INTO `gen_table_column` VALUES ('5da33fb9da31464494c58a3716cf3301', '7074b785dad54f9b94e0a470e2b7a2dd', 'remarks', '备注信息', 'text', 'String', 'remarks', '0', '1', '1', '1', '1', '0', '=', 'textarea', '', NULL, 130, '1', '2015-12-29 11:12:19', '1', '2015-12-29 11:12:19', NULL, '0');
INSERT INTO `gen_table_column` VALUES ('65db623e6d534d66982beafda38fa6b0', '3c78bf15a657415fa27dd5923b965a60', 'max_length', '最大长度', 'varchar(10)', 'String', 'maxLength', '0', '1', '1', '1', '1', '0', '=', 'input', '', NULL, 70, '1', '2015-12-29 11:12:56', '1', '2015-12-29 11:12:56', NULL, '0');
INSERT INTO `gen_table_column` VALUES ('7ef62622cb2140789f043ad6ce7f1551', '3c78bf15a657415fa27dd5923b965a60', 'format', '报文格式', 'varchar(40)', 'String', 'format', '0', '1', '1', '1', '1', '0', '=', 'input', '', NULL, 40, '1', '2015-12-29 11:12:56', '1', '2015-12-29 11:12:56', NULL, '0');
INSERT INTO `gen_table_column` VALUES ('7ef62622cb2140789f043ad6ce7f1551', '3c78bf15a657415fa27dd5923b965a60', 'format', '报文格式', 'varchar(40)', 'String', 'format', '0', '1', '1', '1', '1', '0', '=', 'input', '', NULL, 40, '1', '2015-12-29 11:12:56', '1', '2015-12-29 11:12:56', NULL, '0');
INSERT INTO `gen_table_column` VALUES ('865309cc06ce46d5b8762bc794994087', '3c78bf15a657415fa27dd5923b965a60', 'id', '编号', 'varchar(40)', 'String', 'id', '1', '0', '1', '0', '0', '0', '=', 'input', '', NULL, 10, '1', '2015-12-29 11:12:56', '1', '2015-12-29 11:12:56', NULL, '0');
INSERT INTO `gen_table_column` VALUES ('885131ea532343cfb48c6c146d115832', '3c78bf15a657415fa27dd5923b965a60', 'chinese_name', '报文格式中文名', 'varchar(255)', 'String', 'chineseName', '0', '1', '1', '1', '1', '0', '=', 'input', '', NULL, 30, '1', '2015-12-29 11:12:56', '1', '2015-12-29 11:12:56', NULL, '0');
INSERT INTO `gen_table_column` VALUES ('8b57e22727e44fbcbe393c8603224656', '7074b785dad54f9b94e0a470e2b7a2dd', 'eam_linknode_id', '所属关联节点编号', 'varchar(40)', 'String', 'eamLinknodeId', '0', '1', '1', '1', '1', '0', '=', 'input', '', NULL, 40, '1', '2015-12-29 11:12:19', '1', '2015-12-29 11:12:19', NULL, '0');
INSERT INTO `gen_table_column` VALUES ('93bff36eb7ce458c8ccddc8917a87503', '3c78bf15a657415fa27dd5923b965a60', 'del_flag', '删除标记（0：正常；1：删除）', 'char(1)', 'String', 'delFlag', '0', '1', '1', '0', '0', '0', '=', 'radiobox', 'del_flag', NULL, 130, '1', '2015-12-29 11:12:56', '1', '2015-12-29 11:12:56', NULL, '0');
INSERT INTO `gen_table_column` VALUES ('cb5681f3eeb54070bbb7f36da946ff07', '3c78bf15a657415fa27dd5923b965a60', 'name', '报文格式名称', 'text', 'String', 'name', '0', '0', '1', '1', '1', '1', 'like', 'input', '', NULL, 20, '1', '2015-12-29 11:12:56', '1', '2015-12-29 11:12:56', NULL, '0');
INSERT INTO `gen_table_column` VALUES ('cf6b9c6e0a394344951035874921b61d', '7074b785dad54f9b94e0a470e2b7a2dd', 'id', '编号', 'varchar(40)', 'String', 'id', '1', '0', '1', '0', '0', '0', '=', 'input', '', NULL, 10, '1', '2015-12-29 11:12:19', '1', '2015-12-29 11:12:19', NULL, '0');
INSERT INTO `gen_table_column` VALUES ('d3ae5d3f92d24fee96f140ebc7f4b141', '7074b785dad54f9b94e0a470e2b7a2dd', 'name', '接口名称', 'text', 'String', 'name', '0', '0', '1', '1', '1', '1', 'like', 'input', '', NULL, 20, '1', '2015-12-29 11:12:19', '1', '2015-12-29 11:12:19', NULL, '0');
INSERT INTO `gen_table_column` VALUES ('d8600c2caa544c36a64979e27dc0e6b5', '7074b785dad54f9b94e0a470e2b7a2dd', 'update_by', '更新者', 'varchar(64)', 'com.dc.smarteam.modules.sys.entity.User', 'updateBy.id', '0', '1', '1', '1', '1', '0', '=', 'input', '', NULL, 110, '1', '2015-12-29 11:12:19', '1', '2015-12-29 11:12:19', NULL, '0');
INSERT INTO `gen_table_column` VALUES ('da225945c6f449e3b7e69918bffe6849', '7074b785dad54f9b94e0a470e2b7a2dd', 'start_date', '启用时间', 'varchar(10)', 'String', 'startDate', '0', '1', '1', '1', '1', '0', '=', 'input', '', NULL, 70, '1', '2015-12-29 11:12:19', '1', '2015-12-29 11:12:19', NULL, '0');
INSERT INTO `gen_table_column` VALUES ('f53ef895a3ad4a6fa193a2aa128a8a69', '7074b785dad54f9b94e0a470e2b7a2dd', 'create_date', '创建时间', 'timestamp', 'java.util.Date', 'createDate', '0', '1', '1', '0', '0', '0', '=', 'dateselect', '', NULL, 100, '1', '2015-12-29 11:12:19', '1', '2015-12-29 11:12:19', NULL, '0');
INSERT INTO `gen_table_column` VALUES ('fca012399a744d3aa83008c5b7d2a82b', '3c78bf15a657415fa27dd5923b965a60', 'update_by', '更新者', 'varchar(64)', 'com.dc.smarteam.modules.sys.entity.User', 'updateBy.id', '0', '1', '1', '1', '1', '0', '=', 'input', '', NULL, 100, '1', '2015-12-29 11:12:56', '1', '2015-12-29 11:12:56', NULL, '0');


/*菜单*/
INSERT INTO `sys_menu` VALUES ('fb4885ff48234507a500f64bd0734e29', '713b095a276a462bba92e08998b1917a', '0,1,97031d004c8941f4acb3a6b03f78c3c8,713b095a276a462bba92e08998b1917a,', '接口清单管理', 5060, '/sysinter/eamInterface', '', '', '1', 'sysinter:eamInterface:view,sysinter:eamInterface:edit', '1', '2015-12-29 11:16:10', '1', '2015-12-29 11:16:10', '', '0');
INSERT INTO `sys_menu` VALUES ('4586c9e7443d437a80f3ac41ccb349c0', '713b095a276a462bba92e08998b1917a', '0,1,97031d004c8941f4acb3a6b03f78c3c8,713b095a276a462bba92e08998b1917a,', '报文格式管理', 5060, '/sysformat/eamMsgFormat', '', '', '1', 'sysformat:eamMsgFormat:view,sysformat:eamMsgFormat:edit', '1', '2015-12-29 11:16:44', '1', '2015-12-29 11:16:44', '', '0');
INSERT INTO `sys_menu` VALUES ('713b095a276a462bba92e08998b1917a', '97031d004c8941f4acb3a6b03f78c3c8', '0,1,97031d004c8941f4acb3a6b03f78c3c8,', '应用规范管理', 5060, '', '', '', '1', '', '1', '2015-12-29 11:15:25', '1', '2015-12-29 11:15:25', '', '0');


/*字典*/

